userId,blockNum,stimulusNum,distance,correct,selection
1,1,1,0.24522845,0,3
1,1,2,0.236704496,1,2
1,1,3,0.311407463,1,4
1,1,4,0.289981833,0,1
1,1,5,0.34936936,0,2
1,1,6,0.340860666,1,1
1,1,7,0.250438623,1,4
1,1,8,0.119429103,1,2
1,1,9,0.229154121,1,3
1,1,10,0.207966921,1,3
1,1,11,0.327750705,1,2
1,1,12,0.309955246,1,4
1,1,13,0.192404948,1,2
1,1,14,0.106030769,1,4
1,1,15,0.24430701,0,2
1,1,16,0.196942976,1,1
1,1,17,0.30365643,1,4
1,1,18,0.266968154,1,1
1,1,19,0.13868599,1,4
1,1,20,0.154601878,1,1
1,1,21,0.290805839,1,2
1,1,22,0.15926099,1,3
1,1,23,0.204251564,1,4
1,1,24,0.126837494,0,1
1,2,25,0.132038877,1,4
1,2,26,0.245340551,1,1
1,2,27,0.119356233,1,1
1,2,28,0.152960766,1,4
1,2,29,0.310788823,1,2
1,2,30,0.280751845,0,2
1,2,31,0.305382972,1,2
1,2,32,0.26209998,1,2
1,2,33,0.121122808,1,3
1,2,34,0.309745986,0,2
1,2,35,0.115532057,1,4
1,2,36,0.211337043,1,3
1,2,37,0.23029786,0,2
1,2,38,0.238249749,1,1
1,2,39,0.314145799,1,1
1,2,40,0.201277383,1,2
1,2,41,0.155348209,1,4
1,2,42,0.345937056,0,1
1,2,43,0.342160202,1,4
1,2,44,0.233756866,1,2
1,2,45,0.252751716,0,2
1,2,46,0.282418982,1,1
1,2,47,0.198270918,1,3
1,2,48,0.19287965,1,1
1,3,49,0.208549138,1,3
1,3,50,0.267830092,0,3
1,3,51,0.15314661,1,1
1,3,52,0.316259979,1,4
1,3,53,0.167463527,1,1
1,3,54,0.219887022,1,2
1,3,55,0.23523509,1,2
1,3,56,0.128762815,0,2
1,3,57,0.112130348,1,2
1,3,58,0.291399828,1,4
1,3,59,0.241407719,1,2
1,3,60,0.262560548,1,3
1,3,61,0.327115396,1,4
1,3,62,0.334045437,1,2
1,3,63,0.292838071,1,1
1,3,64,0.190271307,1,3
1,3,65,0.236692769,1,4
1,3,66,0.333227061,1,4
1,3,67,0.284578384,1,3
1,3,68,0.183998863,1,2
1,3,69,0.239777181,1,4
1,3,70,0.111679259,1,2
1,3,71,0.136153456,1,4
1,3,72,0.300236075,1,4
1,4,73,0.116775648,1,3
1,4,74,0.121638861,1,1
1,4,75,0.302578744,0,1
1,4,76,0.338703846,1,1
1,4,77,0.210977653,1,4
1,4,78,0.257846631,0,3
1,4,79,0.123564469,0,1
1,4,80,0.233087396,1,3
1,4,81,0.232357375,1,3
1,4,82,0.213415051,1,2
1,4,83,0.337505126,0,1
1,4,84,0.252063235,0,3
1,4,85,0.183152685,1,4
1,4,86,0.184298453,1,2
1,4,87,0.239515984,1,4
1,4,88,0.289902985,0,2
1,4,89,0.325403173,1,1
1,4,90,0.294633262,1,1
1,4,91,0.163416139,1,3
1,4,92,0.243880353,0,2
1,4,93,0.101036257,1,4
1,4,94,0.295019699,1,4
1,4,95,0.320292013,0,4
1,4,96,0.162940293,1,1
1,5,97,0.237748072,1,2
1,5,98,0.339439902,1,3
1,5,99,0.32007453,1,1
1,5,100,0.293021786,1,1
1,5,101,0.166728805,1,1
1,5,102,0.252835323,1,1
1,5,103,0.200513731,1,2
1,5,104,0.320795052,1,4
1,5,105,0.235370877,1,3
1,5,106,0.243998202,1,3
1,5,107,0.115120851,1,2
1,5,108,0.165292258,1,4
1,5,109,0.229931574,1,1
1,5,110,0.110788229,1,4
1,5,111,0.291462509,1,3
1,5,112,0.280444751,1,2
1,5,113,0.2808575,0,1
1,5,114,0.268169524,1,2
1,5,115,0.207501338,1,1
1,5,116,0.136103037,1,1
1,5,117,0.126067058,1,1
1,5,118,0.34993576,0,2
1,5,119,0.194360346,1,1
1,5,120,0.196502496,0,1
1,6,121,0.311739008,1,4
1,6,122,0.346954514,0,1
1,6,123,0.188027448,1,3
1,6,124,0.258067962,1,3
1,6,125,0.215483848,1,4
1,6,126,0.135245734,1,3
1,6,127,0.293207013,1,2
1,6,128,0.290539459,0,4
1,6,129,0.166546845,0,1
1,6,130,0.125869306,1,3
1,6,131,0.182171082,1,3
1,6,132,0.230124025,1,4
1,6,133,0.11772586,1,1
1,6,134,0.314776522,1,2
1,6,135,0.228994741,0,3
1,6,136,0.276070952,0,1
1,6,137,0.24656206,1,3
1,6,138,0.253969636,1,2
1,6,139,0.304298153,1,1
1,6,140,0.150262797,1,3
1,6,141,0.231386187,1,2
1,6,142,0.203721258,1,3
1,6,143,0.112521107,1,2
1,6,144,0.348137961,1,4
2,1,1,0.242495319,1,2
2,1,2,0.161119863,1,2
2,1,3,0.168193163,1,1
2,1,4,0.300787216,1,2
2,1,5,0.26775657,1,1
2,1,6,0.279151234,1,3
2,1,7,0.129682151,1,3
2,1,8,0.265694595,1,3
2,1,9,0.136572161,1,2
2,1,10,0.211650647,1,4
2,1,11,0.241278112,0,3
2,1,12,0.349083414,1,4
2,1,13,0.115805663,0,4
2,1,14,0.298715561,1,2
2,1,15,0.284620042,1,3
2,1,16,0.326734606,1,3
2,1,17,0.218865505,0,3
2,1,18,0.239658476,1,2
2,1,19,0.227345195,1,2
2,1,20,0.32678149,0,3
2,1,21,0.111150998,1,2
2,1,22,0.348797833,1,4
2,1,23,0.197190924,1,4
2,1,24,0.195133718,0,3
2,2,25,0.164516821,1,4
2,2,26,0.204837404,1,1
2,2,27,0.188471759,1,1
2,2,28,0.246377693,1,1
2,2,29,0.341595417,1,1
2,2,30,0.315992421,1,1
2,2,31,0.122981924,1,2
2,2,32,0.267575031,1,1
2,2,33,0.295451839,0,2
2,2,34,0.255701675,0,4
2,2,35,0.225179076,1,4
2,2,36,0.212154265,1,3
2,2,37,0.332149545,1,4
2,2,38,0.232349881,1,1
2,2,39,0.318336804,0,3
2,2,40,0.124482248,1,4
2,2,41,0.100674111,0,3
2,2,42,0.281945178,1,2
2,2,43,0.164478505,1,3
2,2,44,0.299106095,1,4
2,2,45,0.184956543,1,3
2,2,46,0.243979178,0,1
2,2,47,0.112926873,1,4
2,2,48,0.293713625,1,2
2,3,49,0.129071679,1,1
2,3,50,0.126875921,1,4
2,3,51,0.346253567,1,2
2,3,52,0.247292887,0,1
2,3,53,0.250121754,1,3
2,3,54,0.305532697,1,3
2,3,55,0.207946586,1,4
2,3,56,0.191116412,0,3
2,3,57,0.275543932,1,1
2,3,58,0.108026161,1,1
2,3,59,0.234832477,1,3
2,3,60,0.322382817,1,1
2,3,61,0.113339003,1,2
2,3,62,0.164317707,1,1
2,3,63,0.292756694,1,3
2,3,64,0.212481386,0,3
2,3,65,0.341020248,1,3
2,3,66,0.261569059,1,1
2,3,67,0.280547905,0,3
2,3,68,0.31837065,0,4
2,3,69,0.190019037,1,4
2,3,70,0.165370411,1,1
2,3,71,0.223411008,1,4
2,3,72,0.231018974,1,3
2,4,73,0.181630225,1,3
2,4,74,0.349897158,1,1
2,4,75,0.262022274,1,1
2,4,76,0.237069873,1,3
2,4,77,0.166767129,1,3
2,4,78,0.130673911,0,2
2,4,79,0.312454937,1,1
2,4,80,0.27743743,1,1
2,4,81,0.302204937,1,2
2,4,82,0.238908315,1,2
2,4,83,0.322597729,0,2
2,4,84,0.137592452,1,2
2,4,85,0.268627632,0,2
2,4,86,0.152134131,1,3
2,4,87,0.118463901,0,3
2,4,88,0.215071347,0,3
2,4,89,0.297899793,1,1
2,4,90,0.207415896,1,4
2,4,91,0.335872339,0,2
2,4,92,0.227423013,0,2
2,4,93,0.286623546,0,4
2,4,94,0.102215603,1,3
2,4,95,0.185778688,1,1
2,4,96,0.232647123,1,4
2,5,97,0.202685069,1,4
2,5,98,0.293908364,1,2
2,5,99,0.296059962,1,2
2,5,100,0.163180708,1,1
2,5,101,0.238686408,1,2
2,5,102,0.106915716,1,3
2,5,103,0.21788435,0,4
2,5,104,0.317323019,1,2
2,5,105,0.298661362,0,2
2,5,106,0.127479411,0,1
2,5,107,0.266238612,1,3
2,5,108,0.313036125,1,3
2,5,109,0.230191852,0,2
2,5,110,0.108610329,1,1
2,5,111,0.343263889,1,1
2,5,112,0.248076098,1,2
2,5,113,0.183188135,1,1
2,5,114,0.190775532,1,3
2,5,115,0.150693385,0,1
2,5,116,0.338429238,1,2
2,5,117,0.131998249,1,2
2,5,118,0.269737342,1,4
2,5,119,0.294796569,1,1
2,5,120,0.240182294,0,4
2,6,121,0.290641593,1,4
2,6,122,0.31919856,0,4
2,6,123,0.306823501,1,4
2,6,124,0.339265978,1,4
2,6,125,0.262696683,1,4
2,6,126,0.290579271,1,3
2,6,127,0.228159583,1,3
2,6,128,0.199977401,1,2
2,6,129,0.102686811,0,4
2,6,130,0.21604488,1,1
2,6,131,0.155300607,1,1
2,6,132,0.341019926,1,1
2,6,133,0.119221277,0,2
2,6,134,0.128948342,1,3
2,6,135,0.223004132,1,2
2,6,136,0.121834644,0,2
2,6,137,0.275998484,1,1
2,6,138,0.267284146,1,3
2,6,139,0.2000006,1,2
2,6,140,0.194118778,0,2
2,6,141,0.233527895,0,4
2,6,142,0.312363824,0,3
2,6,143,0.245640658,1,4
2,6,144,0.156237889,0,4
3,1,1,0.138528039,1,3
3,1,2,0.197629985,1,4
3,1,3,0.256990755,0,1
3,1,4,0.304507145,1,2
3,1,5,0.269326915,1,4
3,1,6,0.194771575,1,2
3,1,7,0.228280664,1,1
3,1,8,0.225318428,1,3
3,1,9,0.294190706,1,4
3,1,10,0.162578783,1,2
3,1,11,0.150190466,1,2
3,1,12,0.328603439,1,3
3,1,13,0.289014215,1,1
3,1,14,0.347104899,1,4
3,1,15,0.107466846,1,3
3,1,16,0.339737514,0,1
3,1,17,0.31067843,0,4
3,1,18,0.133797193,1,2
3,1,19,0.24854581,1,4
3,1,20,0.207792112,1,4
3,1,21,0.291818849,1,1
3,1,22,0.118152276,1,3
3,1,23,0.248738031,1,4
3,1,24,0.218841745,0,3
3,2,25,0.281382554,0,4
3,2,26,0.314084634,1,2
3,2,27,0.253004201,1,2
3,2,28,0.259447973,1,1
3,2,29,0.204711069,0,1
3,2,30,0.301872795,1,4
3,2,31,0.330872149,1,4
3,2,32,0.318880629,1,4
3,2,33,0.185467974,0,2
3,2,34,0.240389296,0,4
3,2,35,0.240343611,1,1
3,2,36,0.187187442,1,1
3,2,37,0.296509034,1,1
3,2,38,0.160769522,0,3
3,2,39,0.225437378,1,4
3,2,40,0.119741081,1,2
3,2,41,0.118566159,1,4
3,2,42,0.343211449,1,1
3,2,43,0.224055377,1,1
3,2,44,0.168479057,1,2
3,2,45,0.281261616,0,4
3,2,46,0.122839304,1,2
3,2,47,0.214202345,1,2
3,2,48,0.135821466,1,3
3,3,49,0.326673468,1,3
3,3,50,0.237509986,1,3
3,3,51,0.189306022,1,1
3,3,52,0.250157999,1,3
3,3,53,0.264697787,0,3
3,3,54,0.298880262,1,4
3,3,55,0.341878285,1,2
3,3,56,0.288377981,0,3
3,3,57,0.138340337,1,1
3,3,58,0.238412572,1,4
3,3,59,0.222091258,1,2
3,3,60,0.210522108,1,4
3,3,61,0.295411022,1,2
3,3,62,0.341391165,1,3
3,3,63,0.106675767,1,4
3,3,64,0.169006508,1,2
3,3,65,0.104128826,1,3
3,3,66,0.293743253,1,3
3,3,67,0.185047249,0,2
3,3,68,0.242417024,1,2
3,3,69,0.318635786,1,3
3,3,70,0.167834104,1,4
3,3,71,0.20121069,1,4
3,3,72,0.12799843,1,2
3,4,73,0.325242549,1,3
3,4,74,0.29462301,1,3
3,4,75,0.28013798,0,2
3,4,76,0.267946157,1,3
3,4,77,0.188727955,1,1
3,4,78,0.312345076,0,2
3,4,79,0.331243376,0,2
3,4,80,0.287775172,1,4
3,4,81,0.108420005,1,3
3,4,82,0.110718276,1,3
3,4,83,0.184666921,0,1
3,4,84,0.230125424,1,4
3,4,85,0.168070084,1,3
3,4,86,0.23953673,0,4
3,4,87,0.210371921,1,3
3,4,88,0.342221587,1,3
3,4,89,0.154376624,1,4
3,4,90,0.260499464,1,2
3,4,91,0.123992748,1,1
3,4,92,0.305066351,0,1
3,4,93,0.225085096,0,3
3,4,94,0.231285403,1,3
3,4,95,0.202990301,1,1
3,4,96,0.136806309,1,2
3,5,97,0.215434265,1,1
3,5,98,0.118600553,1,2
3,5,99,0.233201661,1,3
3,5,100,0.120727837,1,3
3,5,101,0.226229125,1,3
3,5,102,0.122312928,1,1
3,5,103,0.295895861,0,3
3,5,104,0.262044588,1,3
3,5,105,0.263600178,1,4
3,5,106,0.168342144,0,4
3,5,107,0.279080646,1,2
3,5,108,0.29177027,0,2
3,5,109,0.159186447,1,2
3,5,110,0.323177477,1,1
3,5,111,0.19903857,1,4
3,5,112,0.249879198,1,1
3,5,113,0.21701762,1,3
3,5,114,0.191740091,1,3
3,5,115,0.244719358,1,3
3,5,116,0.343816894,1,1
3,5,117,0.103182419,1,3
3,5,118,0.289626737,1,3
3,5,119,0.342450485,1,1
3,5,120,0.310176092,0,4
3,6,121,0.336424823,1,1
3,6,122,0.293988233,1,1
3,6,123,0.155044893,1,2
3,6,124,0.213512682,1,2
3,6,125,0.254501183,0,2
3,6,126,0.233591142,1,3
3,6,127,0.237557638,1,4
3,6,128,0.258294561,1,3
3,6,129,0.333053609,1,4
3,6,130,0.221297067,1,2
3,6,131,0.246881401,1,4
3,6,132,0.219360831,0,2
3,6,133,0.192305609,1,4
3,6,134,0.112507634,1,3
3,6,135,0.282649235,1,3
3,6,136,0.190371118,0,2
3,6,137,0.101057223,1,3
3,6,138,0.326840492,0,2
3,6,139,0.124045874,1,1
3,6,140,0.309184752,1,1
3,6,141,0.12851929,0,4
3,6,142,0.15710315,1,4
3,6,143,0.311523513,1,1
3,6,144,0.292091069,0,4
4,1,1,0.306741682,1,1
4,1,2,0.214790408,1,1
4,1,3,0.328873936,1,4
4,1,4,0.151863261,0,1
4,1,5,0.22304436,1,4
4,1,6,0.238814853,1,2
4,1,7,0.23323841,1,1
4,1,8,0.181017872,1,3
4,1,9,0.11138269,0,2
4,1,10,0.196476351,1,2
4,1,11,0.290187212,1,3
4,1,12,0.250505342,1,1
4,1,13,0.237628223,1,4
4,1,14,0.336426376,1,4
4,1,15,0.134548988,1,4
4,1,16,0.15793227,1,1
4,1,17,0.105572488,1,3
4,1,18,0.206373607,1,2
4,1,19,0.310286674,1,4
4,1,20,0.339608194,1,4
4,1,21,0.261162547,1,3
4,1,22,0.133758183,1,2
4,1,23,0.275693986,1,3
4,1,24,0.299917375,0,2
4,2,25,0.217047115,1,2
4,2,26,0.243695343,1,4
4,2,27,0.152840663,0,4
4,2,28,0.324479959,1,3
4,2,29,0.245001457,1,3
4,2,30,0.343413422,0,1
4,2,31,0.291025315,1,2
4,2,32,0.139266724,1,3
4,2,33,0.298551511,0,2
4,2,34,0.289434741,0,2
4,2,35,0.337377577,1,2
4,2,36,0.23642282,0,1
4,2,37,0.113734288,0,3
4,2,38,0.103313739,1,1
4,2,39,0.180382399,1,4
4,2,40,0.182943117,1,4
4,2,41,0.2081537,1,4
4,2,42,0.251922494,0,1
4,2,43,0.261577421,1,4
4,2,44,0.23682638,1,1
4,2,45,0.326219801,0,4
4,2,46,0.133822903,0,1
4,2,47,0.166148667,1,2
4,2,48,0.276640822,1,4
4,3,49,0.32720262,1,4
4,3,50,0.328845881,1,1
4,3,51,0.126230712,1,2
4,3,52,0.308008638,0,1
4,3,53,0.294261337,1,2
4,3,54,0.189738286,1,1
4,3,55,0.206837673,1,4
4,3,56,0.188795051,0,4
4,3,57,0.111595038,1,3
4,3,58,0.168539425,1,1
4,3,59,0.125594796,1,3
4,3,60,0.342479912,1,3
4,3,61,0.28227651,1,1
4,3,62,0.2925076,1,1
4,3,63,0.248247658,1,4
4,3,64,0.208399191,0,1
4,3,65,0.231300775,1,4
4,3,66,0.169835322,1,2
4,3,67,0.239461869,1,2
4,3,68,0.257917872,1,4
4,3,69,0.333347633,1,2
4,3,70,0.110920784,1,3
4,3,71,0.259463737,1,2
4,3,72,0.220690121,0,1
4,4,73,0.198912771,1,3
4,4,74,0.332854184,1,4
4,4,75,0.27970552,0,3
4,4,76,0.33609203,1,3
4,4,77,0.125702705,1,3
4,4,78,0.229629866,0,1
4,4,79,0.165313711,0,1
4,4,80,0.209444468,1,4
4,4,81,0.130511985,1,3
4,4,82,0.214837677,1,4
4,4,83,0.302763577,0,1
4,4,84,0.293740137,0,3
4,4,85,0.293340598,1,4
4,4,86,0.268004901,1,1
4,4,87,0.313271009,0,1
4,4,88,0.159042264,0,3
4,4,89,0.10006439,1,2
4,4,90,0.235137688,1,2
4,4,91,0.230051673,1,1
4,4,92,0.31885557,0,1
4,4,93,0.266509565,1,4
4,4,94,0.118165106,1,1
4,4,95,0.187911804,0,2
4,4,96,0.24789996,1,4
4,5,97,0.332946953,1,1
4,5,98,0.296142396,1,4
4,5,99,0.16926103,1,4
4,5,100,0.123293064,0,1
4,5,101,0.241053306,1,3
4,5,102,0.197213607,1,3
4,5,103,0.138210662,1,4
4,5,104,0.224308292,0,3
4,5,105,0.188340561,1,3
4,5,106,0.300197671,1,4
4,5,107,0.326830182,1,2
4,5,108,0.321665143,0,4
4,5,109,0.241939365,1,4
4,5,110,0.107662747,1,4
4,5,111,0.337649176,1,3
4,5,112,0.267092767,1,4
4,5,113,0.207851945,1,2
4,5,114,0.216319793,1,2
4,5,115,0.269001512,0,4
4,5,116,0.151810063,0,2
4,5,117,0.119890537,1,4
4,5,118,0.280804108,1,3
4,5,119,0.292903143,1,3
4,5,120,0.222704932,0,4
4,6,121,0.214895806,1,4
4,6,122,0.107158638,1,3
4,6,123,0.298812024,1,3
4,6,124,0.324130597,1,3
4,6,125,0.307477266,0,4
4,6,126,0.26573316,0,3
4,6,127,0.220890191,1,4
4,6,128,0.291944904,1,2
4,6,129,0.339662622,1,4
4,6,130,0.112947227,1,1
4,6,131,0.263316433,1,3
4,6,132,0.222131154,1,2
4,6,133,0.243895712,0,3
4,6,134,0.207656495,1,1
4,6,135,0.184719933,1,3
4,6,136,0.248974721,1,1
4,6,137,0.343560771,1,1
4,6,138,0.164530987,1,4
4,6,139,0.191947149,1,1
4,6,140,0.284356827,1,3
4,6,141,0.32122629,1,4
4,6,142,0.125124035,1,3
4,6,143,0.132380861,0,1
4,6,144,0.169634084,0,3
5,1,1,0.182886204,1,1
5,1,2,0.256386483,1,3
5,1,3,0.223506683,0,2
5,1,4,0.291150959,1,3
5,1,5,0.120560449,1,1
5,1,6,0.349727285,1,4
5,1,7,0.217624419,1,1
5,1,8,0.324668428,1,1
5,1,9,0.242456947,1,2
5,1,10,0.223453777,1,4
5,1,11,0.187186785,1,2
5,1,12,0.135172912,0,2
5,1,13,0.159928456,0,3
5,1,14,0.337007919,1,4
5,1,15,0.277869582,1,3
5,1,16,0.107742885,1,2
5,1,17,0.295437769,0,3
5,1,18,0.327151908,1,2
5,1,19,0.215821458,1,2
5,1,20,0.102138627,1,4
5,1,21,0.153386353,1,4
5,1,22,0.2679927,0,2
5,1,23,0.284174703,1,4
5,1,24,0.237987405,0,2
5,2,25,0.240926026,1,2
5,2,26,0.118644939,1,3
5,2,27,0.320224981,1,2
5,2,28,0.265813205,0,2
5,2,29,0.139592167,1,4
5,2,30,0.305532021,1,2
5,2,31,0.186305154,1,3
5,2,32,0.348280604,1,2
5,2,33,0.169059272,0,1
5,2,34,0.310121423,1,2
5,2,35,0.238227455,1,3
5,2,36,0.267928182,1,4
5,2,37,0.12269191,1,3
5,2,38,0.21611801,1,1
5,2,39,0.228055686,0,1
5,2,40,0.309099632,0,2
5,2,41,0.330421113,1,4
5,2,42,0.294497981,1,1
5,2,43,0.235318493,1,3
5,2,44,0.278159497,1,3
5,2,45,0.157703157,1,3
5,2,46,0.211418455,0,1
5,2,47,0.196353097,1,1
5,2,48,0.116580034,1,1
5,3,49,0.180360455,1,2
5,3,50,0.234037909,1,3
5,3,51,0.311278254,1,3
5,3,52,0.108829792,1,2
5,3,53,0.340449088,1,3
5,3,54,0.229254602,1,1
5,3,55,0.169948998,1,2
5,3,56,0.255389072,1,3
5,3,57,0.217574951,1,3
5,3,58,0.139654437,1,1
5,3,59,0.275078764,1,4
5,3,60,0.211765852,1,4
5,3,61,0.165380885,1,3
5,3,62,0.123758987,1,2
5,3,63,0.234371839,1,1
5,3,64,0.295774221,0,1
5,3,65,0.305122946,1,4
5,3,66,0.244100434,1,1
5,3,67,0.329177578,1,2
5,3,68,0.335072198,1,2
5,3,69,0.184315532,1,4
5,3,70,0.279501002,1,3
5,3,71,0.108504136,1,2
5,3,72,0.261761825,0,1
5,4,73,0.120463628,1,4
5,4,74,0.260607885,1,1
5,4,75,0.165638162,0,1
5,4,76,0.228384527,1,4
5,4,77,0.312258914,1,1
5,4,78,0.101443669,0,2
5,4,79,0.235378138,0,1
5,4,80,0.216732606,1,4
5,4,81,0.263593709,1,1
5,4,82,0.187561083,1,2
5,4,83,0.338415073,0,2
5,4,84,0.246881359,1,2
5,4,85,0.34281927,1,1
5,4,86,0.278528075,1,3
5,4,87,0.208793082,0,4
5,4,88,0.301793015,1,4
5,4,89,0.300509326,1,1
5,4,90,0.285853766,1,4
5,4,91,0.191998818,1,3
5,4,92,0.227623752,0,2
5,4,93,0.310814683,1,3
5,4,94,0.107950923,1,2
5,4,95,0.1683388,0,1
5,4,96,0.135587647,1,4
5,5,97,0.239664518,1,1
5,5,98,0.338325657,1,1
5,5,99,0.18665064,1,1
5,5,100,0.292848089,1,2
5,5,101,0.279778345,1,1
5,5,102,0.214931399,1,4
5,5,103,0.332864459,1,1
5,5,104,0.103396598,0,1
5,5,105,0.205850596,1,1
5,5,106,0.238194222,0,3
5,5,107,0.121662362,1,3
5,5,108,0.315581208,1,3
5,5,109,0.155860586,1,1
5,5,110,0.244362565,1,4
5,5,111,0.291397405,0,2
5,5,112,0.198854164,1,3
5,5,113,0.111268792,1,3
5,5,114,0.160106227,1,4
5,5,115,0.137494346,1,2
5,5,116,0.258485873,1,3
5,5,117,0.253350356,1,1
5,5,118,0.246932401,0,3
5,5,119,0.328586538,1,4
5,5,120,0.300296577,0,4
5,6,121,0.238119229,1,2
5,6,122,0.305125503,0,2
5,6,123,0.133938293,1,3
5,6,124,0.334800392,1,3
5,6,125,0.290730032,1,1
5,6,126,0.150082926,1,4
5,6,127,0.128263658,1,3
5,6,128,0.243851998,1,1
5,6,129,0.302843554,0,3
5,6,130,0.33207286,1,3
5,6,131,0.20155367,1,1
5,6,132,0.311552212,1,1
5,6,133,0.199952476,1,3
5,6,134,0.265459382,1,4
5,6,135,0.329341208,1,3
5,6,136,0.236575777,1,2
5,6,137,0.167015481,1,1
5,6,138,0.269780163,1,1
5,6,139,0.204380822,1,3
5,6,140,0.10506813,1,3
5,6,141,0.186001764,0,3
5,6,142,0.229025207,1,1
5,6,143,0.101224376,1,1
5,6,144,0.285571852,1,3
6,1,1,0.234652769,1,1
6,1,2,0.114271152,1,4
6,1,3,0.245594088,1,4
6,1,4,0.258270962,0,2
6,1,5,0.329575914,1,3
6,1,6,0.320368537,1,4
6,1,7,0.338285559,1,2
6,1,8,0.267002313,0,1
6,1,9,0.194967746,0,1
6,1,10,0.29699719,1,1
6,1,11,0.276333498,0,3
6,1,12,0.126980742,1,2
6,1,13,0.138576752,1,4
6,1,14,0.194161955,1,3
6,1,15,0.113674363,0,2
6,1,16,0.150203634,1,2
6,1,17,0.236575791,1,3
6,1,18,0.159606336,0,1
6,1,19,0.304416355,0,2
6,1,20,0.281349444,1,1
6,1,21,0.345910783,1,1
6,1,22,0.207252219,1,2
6,1,23,0.207075663,1,3
6,1,24,0.246903136,0,2
6,2,25,0.18639563,0,3
6,2,26,0.193023087,1,4
6,2,27,0.230399396,1,4
6,2,28,0.231118227,1,1
6,2,29,0.307315035,1,1
6,2,30,0.204344055,1,4
6,2,31,0.237766008,1,1
6,2,32,0.102887434,1,4
6,2,33,0.27928443,1,3
6,2,34,0.28747647,0,1
6,2,35,0.30953469,1,2
6,2,36,0.315445089,1,4
6,2,37,0.337343344,1,1
6,2,38,0.166723445,1,4
6,2,39,0.269176762,1,4
6,2,40,0.219781852,1,2
6,2,41,0.109196993,1,1
6,2,42,0.162961747,0,4
6,2,43,0.132022155,1,2
6,2,44,0.322279081,1,3
6,2,45,0.124660058,1,1
6,2,46,0.250946831,0,1
6,2,47,0.33504968,1,2
6,2,48,0.248305599,1,3
6,3,49,0.343837124,1,2
6,3,50,0.308724973,1,2
6,3,51,0.298997444,1,4
6,3,52,0.32505832,1,3
6,3,53,0.275717275,0,4
6,3,54,0.262638494,1,1
6,3,55,0.158868567,1,2
6,3,56,0.250452048,0,3
6,3,57,0.192645856,1,3
6,3,58,0.101914084,1,4
6,3,59,0.279528156,1,3
6,3,60,0.203431946,1,4
6,3,61,0.330544652,1,3
6,3,62,0.115108171,1,4
6,3,63,0.132491892,1,3
6,3,64,0.160965984,1,4
6,3,65,0.228386052,1,2
6,3,66,0.317509084,1,4
6,3,67,0.122447923,0,1
6,3,68,0.233222097,1,4
6,3,69,0.212603475,1,4
6,3,70,0.244671062,1,3
6,3,71,0.225952861,1,2
6,3,72,0.184962625,0,2
6,4,73,0.204131495,1,2
6,4,74,0.158246543,1,1
6,4,75,0.235355265,0,3
6,4,76,0.105359934,1,1
6,4,77,0.198387742,0,2
6,4,78,0.138243182,0,2
6,4,79,0.308436865,0,4
6,4,80,0.237800753,1,4
6,4,81,0.239848907,1,1
6,4,82,0.341490372,1,2
6,4,83,0.285383625,0,1
6,4,84,0.135986336,1,2
6,4,85,0.314792784,1,3
6,4,86,0.118051358,0,3
6,4,87,0.204284033,1,3
6,4,88,0.316841747,0,3
6,4,89,0.221083096,1,3
6,4,90,0.308772078,1,3
6,4,91,0.169690188,0,4
6,4,92,0.196944035,0,2
6,4,93,0.346219636,0,3
6,4,94,0.27503656,1,3
6,4,95,0.25564993,0,3
6,4,96,0.265502015,0,4
6,5,97,0.164389053,1,3
6,5,98,0.338958618,1,3
6,5,99,0.22383262,1,4
6,5,100,0.153452961,1,3
6,5,101,0.24950762,1,2
6,5,102,0.253013067,1,1
6,5,103,0.267435571,1,3
6,5,104,0.248861709,0,2
6,5,105,0.207141397,1,3
6,5,106,0.194648481,0,3
6,5,107,0.132513019,1,1
6,5,108,0.346919025,1,2
6,5,109,0.31993963,0,2
6,5,110,0.278049439,1,3
6,5,111,0.12533233,1,4
6,5,112,0.217165486,1,2
6,5,113,0.308908538,1,2
6,5,114,0.194473538,1,4
6,5,115,0.115025578,0,1
6,5,116,0.325776105,1,4
6,5,117,0.222642832,1,2
6,5,118,0.305831698,1,1
6,5,119,0.27839868,1,1
6,5,120,0.101587612,1,3
6,6,121,0.231088904,1,3
6,6,122,0.189555596,0,2
6,6,123,0.127168015,1,1
6,6,124,0.275051119,1,4
6,6,125,0.341431399,1,2
6,6,126,0.343267316,1,1
6,6,127,0.21189885,1,2
6,6,128,0.227139723,1,1
6,6,129,0.16503696,1,3
6,6,130,0.119331178,1,3
6,6,131,0.24016482,1,2
6,6,132,0.25179208,1,3
6,6,133,0.138674719,0,4
6,6,134,0.183524702,1,4
6,6,135,0.229092795,1,4
6,6,136,0.326369853,1,4
6,6,137,0.204835474,1,2
6,6,138,0.162689461,0,4
6,6,139,0.293655626,1,2
6,6,140,0.295164071,0,4
6,6,141,0.326032307,0,4
6,6,142,0.114336997,1,4
6,6,143,0.257425269,1,2
6,6,144,0.309319342,0,4
7,1,1,0.10686654,1,3
7,1,2,0.334068897,0,3
7,1,3,0.290758494,0,2
7,1,4,0.135942657,0,1
7,1,5,0.289542033,0,1
7,1,6,0.237067996,0,1
7,1,7,0.215931927,1,3
7,1,8,0.220826295,1,3
7,1,9,0.200491336,1,3
7,1,10,0.308742833,1,4
7,1,11,0.187796046,1,2
7,1,12,0.258756238,1,3
7,1,13,0.248909555,1,2
7,1,14,0.159335111,1,3
7,1,15,0.137729559,0,4
7,1,16,0.100642847,0,2
7,1,17,0.313640759,1,2
7,1,18,0.346633343,1,3
7,1,19,0.321890745,1,1
7,1,20,0.162885213,1,1
7,1,21,0.286605634,1,3
7,1,22,0.244396746,1,2
7,1,23,0.257512076,1,2
7,1,24,0.197375292,0,2
7,2,25,0.303796397,1,2
7,2,26,0.317854496,1,2
7,2,27,0.335314295,0,4
7,2,28,0.113179715,1,4
7,2,29,0.165768316,1,4
7,2,30,0.23819967,1,3
7,2,31,0.239092318,1,3
7,2,32,0.207633086,1,3
7,2,33,0.198063369,1,1
7,2,34,0.237137915,0,1
7,2,35,0.168303536,1,4
7,2,36,0.1207459,1,3
7,2,37,0.29613229,1,3
7,2,38,0.325798025,1,4
7,2,39,0.136557391,0,2
7,2,40,0.208330407,1,4
7,2,41,0.333476524,1,4
7,2,42,0.25331876,0,1
7,2,43,0.106872037,1,4
7,2,44,0.193524801,1,1
7,2,45,0.260577462,1,1
7,2,46,0.284822258,0,1
7,2,47,0.246314198,1,2
7,2,48,0.277729555,1,1
7,3,49,0.287838633,1,1
7,3,50,0.108101455,1,2
7,3,51,0.230820674,1,1
7,3,52,0.200616501,1,2
7,3,53,0.259632927,0,3
7,3,54,0.327678998,1,2
7,3,55,0.306311202,1,2
7,3,56,0.275904988,0,4
7,3,57,0.254615305,1,1
7,3,58,0.214494148,1,3
7,3,59,0.232403028,1,2
7,3,60,0.315236883,1,1
7,3,61,0.192031395,1,3
7,3,62,0.237887911,1,3
7,3,63,0.111574206,1,3
7,3,64,0.194388389,0,1
7,3,65,0.332078066,1,4
7,3,66,0.130920722,1,3
7,3,67,0.155943604,1,1
7,3,68,0.154639195,1,3
7,3,69,0.334010668,0,1
7,3,70,0.13657409,1,3
7,3,71,0.306735035,1,1
7,3,72,0.225479168,1,3
7,4,73,0.232790487,1,1
7,4,74,0.111461586,1,4
7,4,75,0.295183922,0,1
7,4,76,0.193769612,1,4
7,4,77,0.138491217,0,1
7,4,78,0.301844757,1,1
7,4,79,0.16945955,0,3
7,4,80,0.164203423,1,4
7,4,81,0.220878102,1,4
7,4,82,0.204024938,1,1
7,4,83,0.117669418,0,3
7,4,84,0.266845487,1,1
7,4,85,0.130642228,1,2
7,4,86,0.233408593,1,1
7,4,87,0.254728323,0,2
7,4,88,0.233498451,1,2
7,4,89,0.29336595,1,4
7,4,90,0.340663972,1,3
7,4,91,0.285468189,1,2
7,4,92,0.319056433,0,3
7,4,93,0.197878423,0,4
7,4,94,0.219949954,1,1
7,4,95,0.341454791,0,2
7,4,96,0.327088471,1,4
7,5,97,0.234685956,1,4
7,5,98,0.297698359,1,2
7,5,99,0.343042583,1,4
7,5,100,0.322704849,1,1
7,5,101,0.25923255,1,2
7,5,102,0.282361012,1,3
7,5,103,0.213756439,1,2
7,5,104,0.125658887,0,3
7,5,105,0.344543243,1,2
7,5,106,0.103529507,0,2
7,5,107,0.25624135,1,1
7,5,108,0.249762311,1,4
7,5,109,0.12644934,1,3
7,5,110,0.195404823,1,4
7,5,111,0.288050788,1,3
7,5,112,0.230613135,1,4
7,5,113,0.303879807,1,1
7,5,114,0.156761506,1,4
7,5,115,0.204835095,1,4
7,5,116,0.232493058,1,3
7,5,117,0.187629812,1,4
7,5,118,0.152607202,1,1
7,5,119,0.3226349,1,3
7,5,120,0.106950895,1,3
7,6,121,0.137949811,1,3
7,6,122,0.194802608,1,1
7,6,123,0.324843901,1,1
7,6,124,0.184095629,1,1
7,6,125,0.334858307,1,1
7,6,126,0.325292894,1,2
7,6,127,0.251258657,1,1
7,6,128,0.223952803,1,2
7,6,129,0.346253448,1,1
7,6,130,0.134971042,1,4
7,6,131,0.256246793,1,3
7,6,132,0.108744899,1,4
7,6,133,0.151486343,1,2
7,6,134,0.229707894,1,2
7,6,135,0.211249748,1,3
7,6,136,0.309232188,0,3
7,6,137,0.168549698,0,4
7,6,138,0.244983104,0,3
7,6,139,0.308941579,1,3
7,6,140,0.212728558,1,3
7,6,141,0.237661654,1,2
7,6,142,0.292698238,1,4
7,6,143,0.103828336,0,2
7,6,144,0.293520695,0,3
8,1,1,0.310365855,1,4
8,1,2,0.286698971,1,4
8,1,3,0.186253712,0,4
8,1,4,0.26028819,0,1
8,1,5,0.200246711,1,3
8,1,6,0.34549763,1,3
8,1,7,0.162440445,1,1
8,1,8,0.235935722,0,2
8,1,9,0.104082721,0,4
8,1,10,0.108179073,1,3
8,1,11,0.330592169,1,3
8,1,12,0.139964778,1,2
8,1,13,0.242295675,1,3
8,1,14,0.30298757,1,2
8,1,15,0.222710662,0,3
8,1,16,0.154854768,1,3
8,1,17,0.228914753,0,3
8,1,18,0.202409642,1,4
8,1,19,0.298993535,1,3
8,1,20,0.13252039,1,4
8,1,21,0.283340862,0,4
8,1,22,0.184823757,1,3
8,1,23,0.316597483,1,2
8,1,24,0.261106016,0,3
8,2,25,0.310302545,1,1
8,2,26,0.254337206,1,2
8,2,27,0.320935471,0,3
8,2,28,0.108090099,1,3
8,2,29,0.118016471,0,4
8,2,30,0.181888245,1,4
8,2,31,0.228114366,1,3
8,2,32,0.304077206,1,3
8,2,33,0.261263587,0,3
8,2,34,0.185773666,0,1
8,2,35,0.288985221,1,4
8,2,36,0.211051033,0,3
8,2,37,0.306300954,0,1
8,2,38,0.160824059,1,1
8,2,39,0.289060197,1,4
8,2,40,0.166768045,1,3
8,2,41,0.236787801,1,1
8,2,42,0.243143826,1,4
8,2,43,0.133282447,1,1
8,2,44,0.21033097,1,3
8,2,45,0.346038102,0,3
8,2,46,0.343690498,0,1
8,2,47,0.13863556,1,2
8,2,48,0.244776764,1,1
8,3,49,0.136105269,1,3
8,3,50,0.229431748,1,1
8,3,51,0.3206442,0,3
8,3,52,0.200454136,1,3
8,3,53,0.159911283,0,3
8,3,54,0.239307704,1,2
8,3,55,0.260074956,1,3
8,3,56,0.294143395,1,1
8,3,57,0.342693254,1,2
8,3,58,0.24450563,1,4
8,3,59,0.211610578,1,3
8,3,60,0.293392109,1,1
8,3,61,0.193834274,1,4
8,3,62,0.300289982,1,3
8,3,63,0.115517196,1,2
8,3,64,0.338725073,0,4
8,3,65,0.254864422,1,3
8,3,66,0.101294323,1,2
8,3,67,0.137107749,1,1
8,3,68,0.321289583,1,2
8,3,69,0.18041956,1,3
8,3,70,0.163751582,1,1
8,3,71,0.278675465,1,4
8,3,72,0.230006469,0,1
8,4,73,0.184824468,1,2
8,4,74,0.211992683,1,2
8,4,75,0.212864595,1,3
8,4,76,0.28850406,1,3
8,4,77,0.193716941,1,4
8,4,78,0.121623779,0,2
8,4,79,0.166627247,0,3
8,4,80,0.338737088,1,3
8,4,81,0.150906054,1,1
8,4,82,0.236620844,1,2
8,4,83,0.294818474,0,3
8,4,84,0.269016707,0,3
8,4,85,0.106533503,1,2
8,4,86,0.248236785,0,4
8,4,87,0.290747622,0,4
8,4,88,0.314773251,0,3
8,4,89,0.243634746,1,4
8,4,90,0.103413771,1,3
8,4,91,0.13386416,1,4
8,4,92,0.234643516,0,2
8,4,93,0.265214283,0,4
8,4,94,0.339322614,0,3
8,4,95,0.327234166,0,3
8,4,96,0.286114582,1,2
8,5,97,0.110545224,0,1
8,5,98,0.319519447,1,3
8,5,99,0.239664348,1,2
8,5,100,0.341676188,1,1
8,5,101,0.189216158,1,3
8,5,102,0.235308539,1,1
8,5,103,0.259088203,1,4
8,5,104,0.120658607,1,1
8,5,105,0.343108167,1,4
8,5,106,0.21337693,1,3
8,5,107,0.160061789,1,2
8,5,108,0.312685331,1,2
8,5,109,0.24400838,0,1
8,5,110,0.212192363,1,2
8,5,111,0.299127642,0,1
8,5,112,0.250621274,1,4
8,5,113,0.120065293,1,2
8,5,114,0.19855867,1,2
8,5,115,0.235691897,1,1
8,5,116,0.277716028,1,4
8,5,117,0.152690971,1,2
8,5,118,0.119255514,1,2
8,5,119,0.304786365,1,1
8,5,120,0.288698123,0,3
8,6,121,0.113878113,1,3
8,6,122,0.340643347,1,4
8,6,123,0.240632441,1,4
8,6,124,0.151363722,1,3
8,6,125,0.329624496,1,4
8,6,126,0.322219114,1,3
8,6,127,0.285404011,1,3
8,6,128,0.122191158,1,4
8,6,129,0.283255219,0,4
8,6,130,0.20186064,1,2
8,6,131,0.165152402,1,1
8,6,132,0.233644556,1,2
8,6,133,0.108281752,0,3
8,6,134,0.131187877,1,1
8,6,135,0.255370505,1,3
8,6,136,0.181066512,1,1
8,6,137,0.30891853,1,4
8,6,138,0.297409406,1,4
8,6,139,0.190714473,1,1
8,6,140,0.237506592,1,4
8,6,141,0.238924119,1,3
8,6,142,0.209332716,1,1
8,6,143,0.334944899,1,1
8,6,144,0.269841878,1,1
9,1,1,0.25377153,1,4
9,1,2,0.290533699,1,4
9,1,3,0.305755903,0,1
9,1,4,0.152107782,1,3
9,1,5,0.314457842,1,4
9,1,6,0.288346048,1,2
9,1,7,0.131406455,0,3
9,1,8,0.198937477,1,1
9,1,9,0.208239653,1,2
9,1,10,0.201867681,1,2
9,1,11,0.348517419,0,2
9,1,12,0.135100728,1,3
9,1,13,0.100268143,1,2
9,1,14,0.167500025,1,4
9,1,15,0.31683367,1,4
9,1,16,0.231803148,1,2
9,1,17,0.248446899,1,2
9,1,18,0.298458199,1,3
9,1,19,0.231802236,1,3
9,1,20,0.340060105,0,1
9,1,21,0.256381175,0,3
9,1,22,0.223137402,0,4
9,1,23,0.186675842,1,1
9,1,24,0.117902577,0,1
9,2,25,0.327087604,1,4
9,2,26,0.111276722,1,2
9,2,27,0.132737158,1,4
9,2,28,0.258026025,1,1
9,2,29,0.153894162,0,4
9,2,30,0.297218047,1,2
9,2,31,0.28940711,1,4
9,2,32,0.249940533,0,1
9,2,33,0.234208401,1,3
9,2,34,0.225540208,1,3
9,2,35,0.340748988,1,2
9,2,36,0.195405938,0,1
9,2,37,0.210820513,1,2
9,2,38,0.127466334,1,2
9,2,39,0.315548182,0,3
9,2,40,0.305183379,1,2
9,2,41,0.232901556,1,4
9,2,42,0.105270676,0,1
9,2,43,0.205239408,0,3
9,2,44,0.162164295,1,2
9,2,45,0.259684174,0,1
9,2,46,0.289564138,1,3
9,2,47,0.345920086,0,2
9,2,48,0.180683593,1,4
9,3,49,0.254203376,1,1
9,3,50,0.292004438,1,4
9,3,51,0.276235446,1,2
9,3,52,0.239167373,1,4
9,3,53,0.308591079,1,3
9,3,54,0.155901845,1,2
9,3,55,0.167650118,1,4
9,3,56,0.182082263,0,2
9,3,57,0.336395576,1,3
9,3,58,0.221217725,1,2
9,3,59,0.219120622,1,2
9,3,60,0.194420291,1,3
9,3,61,0.122610581,1,3
9,3,62,0.108394348,1,4
9,3,63,0.121498358,1,3
9,3,64,0.205749359,1,3
9,3,65,0.319508745,1,4
9,3,66,0.110346026,1,2
9,3,67,0.29746457,0,2
9,3,68,0.26018522,1,2
9,3,69,0.340998976,1,2
9,3,70,0.314046317,1,3
9,3,71,0.238017529,1,1
9,3,72,0.238978348,1,3
9,4,73,0.308107284,1,1
9,4,74,0.256888984,1,2
9,4,75,0.314820906,1,2
9,4,76,0.212266737,1,3
9,4,77,0.283417553,0,4
9,4,78,0.331177406,1,3
9,4,79,0.234942444,0,2
9,4,80,0.29332721,1,1
9,4,81,0.234540437,1,3
9,4,82,0.323163729,1,1
9,4,83,0.234421345,0,4
9,4,84,0.184087943,1,1
9,4,85,0.20639112,1,1
9,4,86,0.13448146,1,1
9,4,87,0.100128823,0,1
9,4,88,0.305597687,0,3
9,4,89,0.335035365,1,3
9,4,90,0.238689298,1,1
9,4,91,0.155566641,1,3
9,4,92,0.128668262,1,1
9,4,93,0.180484433,0,1
9,4,94,0.251428124,0,1
9,4,95,0.160146558,0,2
9,4,96,0.103590388,0,1
9,5,97,0.109965214,1,2
9,5,98,0.295317111,1,1
9,5,99,0.244206789,1,2
9,5,100,0.100815128,1,1
9,5,101,0.252944092,0,2
9,5,102,0.2306799,1,2
9,5,103,0.126065559,0,4
9,5,104,0.344920594,0,3
9,5,105,0.279042227,0,1
9,5,106,0.265752133,0,2
9,5,107,0.157300171,1,3
9,5,108,0.327703029,0,2
9,5,109,0.198842738,0,2
9,5,110,0.165581231,1,4
9,5,111,0.205704026,1,1
9,5,112,0.304498587,0,3
9,5,113,0.23089521,0,1
9,5,114,0.291936719,1,4
9,5,115,0.203710054,0,3
9,5,116,0.331646242,1,4
9,5,117,0.314851008,1,1
9,5,118,0.183463028,0,2
9,5,119,0.226265154,1,3
9,5,120,0.127206008,1,1
9,6,121,0.311998574,1,3
9,6,122,0.165844108,0,2
9,6,123,0.293663457,1,2
9,6,124,0.10698749,1,1
9,6,125,0.242997259,1,1
9,6,126,0.281328445,0,3
9,6,127,0.10773528,1,1
9,6,128,0.133342904,1,2
9,6,129,0.181825227,0,3
9,6,130,0.257862265,0,4
9,6,131,0.196427837,1,4
9,6,132,0.215420148,1,1
9,6,133,0.121487646,0,3
9,6,134,0.317496273,0,2
9,6,135,0.2515433,0,2
9,6,136,0.168663448,0,2
9,6,137,0.288011661,1,3
9,6,138,0.307169859,1,2
9,6,139,0.231846318,1,4
9,6,140,0.337214042,1,3
9,6,141,0.208729585,1,4
9,6,142,0.334224507,1,4
9,6,143,0.237105442,0,2
9,6,144,0.226778621,1,2
10,1,1,0.310647128,1,2
10,1,2,0.204937134,1,3
10,1,3,0.192221314,1,2
10,1,4,0.342697086,1,2
10,1,5,0.214734617,0,4
10,1,6,0.294394007,1,4
10,1,7,0.229199376,0,2
10,1,8,0.106361636,1,3
10,1,9,0.236189601,0,2
10,1,10,0.29203536,1,2
10,1,11,0.150746939,1,1
10,1,12,0.236372536,1,3
10,1,13,0.105081656,1,1
10,1,14,0.338695077,1,4
10,1,15,0.126722265,0,4
10,1,16,0.198806955,1,3
10,1,17,0.131253131,0,3
10,1,18,0.292565864,1,3
10,1,19,0.32780724,1,1
10,1,20,0.258598562,1,1
10,1,21,0.26969488,0,1
10,1,22,0.156848875,1,3
10,1,23,0.298800202,1,4
10,1,24,0.231380823,1,2
10,2,25,0.214317517,0,3
10,2,26,0.225174465,1,4
10,2,27,0.288725525,1,3
10,2,28,0.123556018,0,4
10,2,29,0.200913195,0,4
10,2,30,0.32144751,1,2
10,2,31,0.33081086,1,2
10,2,32,0.245176597,1,2
10,2,33,0.151250698,0,4
10,2,34,0.254364643,1,4
10,2,35,0.119863472,0,4
10,2,36,0.1871527,1,1
10,2,37,0.290515816,1,1
10,2,38,0.18711087,1,4
10,2,39,0.23376059,0,3
10,2,40,0.223608414,1,2
10,2,41,0.348800518,0,3
10,2,42,0.292535635,0,2
10,2,43,0.156936816,1,4
10,2,44,0.139642729,1,4
10,2,45,0.1157199,1,4
10,2,46,0.301814725,0,1
10,2,47,0.251504184,1,2
10,2,48,0.314079792,1,3
10,3,49,0.233543516,1,2
10,3,50,0.162576013,1,4
10,3,51,0.238758574,0,1
10,3,52,0.305330634,1,3
10,3,53,0.328726543,1,1
10,3,54,0.248489644,1,1
10,3,55,0.202511525,1,2
10,3,56,0.104360693,0,3
10,3,57,0.13029673,1,1
10,3,58,0.250088478,1,1
10,3,59,0.334800592,1,1
10,3,60,0.291173765,1,3
10,3,61,0.19043976,1,1
10,3,62,0.215552983,1,3
10,3,63,0.163686283,1,4
10,3,64,0.253401173,0,1
10,3,65,0.311349036,1,4
10,3,66,0.300537528,1,3
10,3,67,0.28671888,1,3
10,3,68,0.332029294,1,4
10,3,69,0.108818359,1,3
10,3,70,0.245030497,1,2
10,3,71,0.181526656,1,3
10,3,72,0.123950306,0,2
10,4,73,0.242051946,1,1
10,4,74,0.117366023,1,4
10,4,75,0.18729002,1,4
10,4,76,0.206549827,1,4
10,4,77,0.139017004,1,4
10,4,78,0.284615406,0,2
10,4,79,0.320654938,0,4
10,4,80,0.336277059,1,3
10,4,81,0.107718179,1,2
10,4,82,0.204049472,1,3
10,4,83,0.156153321,0,1
10,4,84,0.230012013,1,1
10,4,85,0.265326832,0,2
10,4,86,0.296912866,1,3
10,4,87,0.261469363,0,2
10,4,88,0.220210888,0,4
10,4,89,0.130783594,1,2
10,4,90,0.299165821,1,3
10,4,91,0.161508898,1,3
10,4,92,0.285720478,0,3
10,4,93,0.318799622,0,2
10,4,94,0.33238923,1,2
10,4,95,0.230367937,1,4
10,4,96,0.18838811,0,4
10,5,97,0.252212699,1,2
10,5,98,0.15575928,0,4
10,5,99,0.216030589,1,3
10,5,100,0.343831662,1,4
10,5,101,0.124666909,1,2
10,5,102,0.194508475,1,1
10,5,103,0.224384266,0,1
10,5,104,0.189787748,0,1
10,5,105,0.244807584,1,1
10,5,106,0.111379246,1,3
10,5,107,0.321372727,1,4
10,5,108,0.222168835,0,1
10,5,109,0.284927468,0,3
10,5,110,0.307224451,1,1
10,5,111,0.116734198,1,4
10,5,112,0.131509991,1,2
10,5,113,0.256340367,1,4
10,5,114,0.277084855,1,3
10,5,115,0.154101343,1,1
10,5,116,0.314032132,1,4
10,5,117,0.348854957,1,4
10,5,118,0.205550253,1,4
10,5,119,0.248891807,1,1
10,5,120,0.298231957,1,1
10,6,121,0.160333288,1,4
10,6,122,0.268134584,0,2
10,6,123,0.333908281,1,3
10,6,124,0.192238646,1,3
10,6,125,0.231037569,0,3
10,6,126,0.298802646,1,3
10,6,127,0.169183649,0,4
10,6,128,0.103059468,0,3
10,6,129,0.113967063,0,3
10,6,130,0.25372723,1,3
10,6,131,0.230138191,1,3
10,6,132,0.311067174,1,3
10,6,133,0.332963254,1,2
10,6,134,0.319877325,1,1
10,6,135,0.230966888,1,1
10,6,136,0.279977973,1,3
10,6,137,0.282064155,1,1
10,6,138,0.181613748,1,3
10,6,139,0.132788831,1,1
10,6,140,0.20947168,1,2
10,6,141,0.302798368,0,4
10,6,142,0.123643348,1,2
10,6,143,0.230869099,1,4
10,6,144,0.202642089,0,4
11,1,1,0.151666707,0,2
11,1,2,0.29173456,1,3
11,1,3,0.238699514,0,2
11,1,4,0.218147792,0,2
11,1,5,0.102912303,1,2
11,1,6,0.131356005,1,4
11,1,7,0.340942068,0,2
11,1,8,0.340304838,1,4
11,1,9,0.310459011,0,3
11,1,10,0.134925095,1,3
11,1,11,0.106542925,0,4
11,1,12,0.256282332,1,2
11,1,13,0.197561561,1,3
11,1,14,0.196330916,1,1
11,1,15,0.307026786,1,1
11,1,16,0.289552248,1,4
11,1,17,0.262966893,1,3
11,1,18,0.231639097,1,2
11,1,19,0.246350961,1,3
11,1,20,0.314937469,0,1
11,1,21,0.223724911,0,2
11,1,22,0.276728074,1,2
11,1,23,0.152194697,1,1
11,1,24,0.200796086,0,3
11,2,25,0.135887029,1,1
11,2,26,0.313769058,1,3
11,2,27,0.312223811,0,2
11,2,28,0.301278098,1,4
11,2,29,0.1933589,1,1
11,2,30,0.291851034,1,1
11,2,31,0.104880962,1,1
11,2,32,0.163628092,1,4
11,2,33,0.216871482,0,1
11,2,34,0.330858023,0,4
11,2,35,0.217780399,1,1
11,2,36,0.153730254,1,4
11,2,37,0.259670729,1,4
11,2,38,0.228875247,1,2
11,2,39,0.278318257,1,2
11,2,40,0.125076086,1,3
11,2,41,0.115658644,1,3
11,2,42,0.301254268,0,2
11,2,43,0.331169181,1,3
11,2,44,0.25290723,1,4
11,2,45,0.237430851,0,4
11,2,46,0.199543119,1,3
11,2,47,0.230721941,1,2
11,2,48,0.221922933,1,4
11,3,49,0.1180243,1,3
11,3,50,0.23053693,1,1
11,3,51,0.330888308,1,1
11,3,52,0.28501496,0,3
11,3,53,0.132134641,0,2
11,3,54,0.265606491,1,3
11,3,55,0.194072414,1,1
11,3,56,0.16873218,0,3
11,3,57,0.299501002,1,3
11,3,58,0.195000148,1,3
11,3,59,0.113200608,1,4
11,3,60,0.238606287,1,3
11,3,61,0.32670419,1,1
11,3,62,0.312575379,1,1
11,3,63,0.306384236,1,2
11,3,64,0.155446639,0,2
11,3,65,0.236420849,1,3
11,3,66,0.281999427,1,3
11,3,67,0.208073325,0,1
11,3,68,0.337481131,1,2
11,3,69,0.261950528,1,3
11,3,70,0.132618469,1,1
11,3,71,0.216046583,1,3
11,3,72,0.229363813,0,1
11,4,73,0.131815855,1,3
11,4,74,0.127982517,1,4
11,4,75,0.151004965,1,3
11,4,76,0.207951855,1,2
11,4,77,0.261886033,1,2
11,4,78,0.160418176,0,3
11,4,79,0.245745804,1,2
11,4,80,0.326598269,1,4
11,4,81,0.193002521,1,1
11,4,82,0.335257051,1,4
11,4,83,0.287714963,1,4
11,4,84,0.244398174,0,2
11,4,85,0.339862997,1,4
11,4,86,0.238876827,1,1
11,4,87,0.109736937,1,4
11,4,88,0.329857601,0,3
11,4,89,0.234541831,1,3
11,4,90,0.298569612,1,1
11,4,91,0.2774324,1,2
11,4,92,0.257515862,1,4
11,4,93,0.183836804,1,3
11,4,94,0.114836661,1,2
11,4,95,0.215048967,0,3
11,4,96,0.291650224,0,3
11,5,97,0.237450861,1,2
11,5,98,0.239456926,1,1
11,5,99,0.224640277,1,3
11,5,100,0.137026853,1,3
11,5,101,0.197161039,0,3
11,5,102,0.349522009,1,4
11,5,103,0.218768761,1,1
11,5,104,0.328141117,1,3
11,5,105,0.151459912,1,1
11,5,106,0.105887664,1,4
11,5,107,0.279942785,0,4
11,5,108,0.281865397,0,4
11,5,109,0.208393322,1,3
11,5,110,0.34277906,1,1
11,5,111,0.185046832,1,4
11,5,112,0.319993963,1,1
11,5,113,0.24999509,1,2
11,5,114,0.254542298,1,3
11,5,115,0.303465882,1,2
11,5,116,0.139887642,1,4
11,5,117,0.150555679,1,2
11,5,118,0.300014764,1,3
11,5,119,0.26686924,1,3
11,5,120,0.103050865,0,4
11,6,121,0.181513351,1,1
11,6,122,0.169822588,1,1
11,6,123,0.332702604,1,1
11,6,124,0.161524248,1,1
11,6,125,0.103152625,1,1
11,6,126,0.3143172,1,1
11,6,127,0.309507972,1,4
11,6,128,0.131521793,0,3
11,6,129,0.237196064,0,1
11,6,130,0.303317231,1,3
11,6,131,0.202033707,1,1
11,6,132,0.235549513,1,1
11,6,133,0.325322926,1,1
11,6,134,0.239131289,1,1
11,6,135,0.284409877,1,4
11,6,136,0.267748321,0,1
11,6,137,0.261045022,1,1
11,6,138,0.218428163,1,1
11,6,139,0.11430859,1,3
11,6,140,0.276972366,0,2
11,6,141,0.226655715,0,4
11,6,142,0.349806963,1,1
11,6,143,0.130329713,1,2
11,6,144,0.192958542,0,4
12,1,1,0.248025117,1,4
12,1,2,0.201569902,1,3
12,1,3,0.191196349,0,4
12,1,4,0.278766434,1,1
12,1,5,0.341232349,1,1
12,1,6,0.124877396,0,3
12,1,7,0.232723491,1,3
12,1,8,0.231997329,1,2
12,1,9,0.293272249,1,2
12,1,10,0.292235294,1,1
12,1,11,0.320333509,0,2
12,1,12,0.348793384,0,1
12,1,13,0.180121217,1,1
12,1,14,0.110126836,1,2
12,1,15,0.265334916,0,2
12,1,16,0.139031788,1,2
12,1,17,0.213730512,1,3
12,1,18,0.157411644,1,1
12,1,19,0.152626941,1,3
12,1,20,0.297370808,0,4
12,1,21,0.254338177,0,3
12,1,22,0.329514843,1,2
12,1,23,0.235860894,1,4
12,1,24,0.105452557,1,2
12,2,25,0.29570666,1,1
12,2,26,0.315044577,1,3
12,2,27,0.116417265,0,2
12,2,28,0.197256067,1,4
12,2,29,0.115896798,1,3
12,2,30,0.168699941,1,3
12,2,31,0.335625645,1,4
12,2,32,0.287844467,1,3
12,2,33,0.224636135,0,3
12,2,34,0.332750605,1,3
12,2,35,0.256227116,0,2
12,2,36,0.196164188,1,1
12,2,37,0.124646641,1,3
12,2,38,0.231017661,1,4
12,2,39,0.211651705,1,1
12,2,40,0.226676969,1,2
12,2,41,0.287227059,1,1
12,2,42,0.292283404,1,3
12,2,43,0.215853976,0,4
12,2,44,0.255418616,1,2
12,2,45,0.166279381,1,2
12,2,46,0.315224348,0,1
12,2,47,0.137544121,1,4
12,2,48,0.240143034,1,4
12,3,49,0.290709248,1,2
12,3,50,0.161447406,1,3
12,3,51,0.118109004,1,2
12,3,52,0.245822307,1,3
12,3,53,0.130026867,0,2
12,3,54,0.11208653,1,3
12,3,55,0.235385272,0,2
12,3,56,0.294799609,0,1
12,3,57,0.206678855,1,1
12,3,58,0.306829324,1,1
12,3,59,0.197986505,1,2
12,3,60,0.268171707,1,3
12,3,61,0.127061852,1,4
12,3,62,0.202161636,1,1
12,3,63,0.237225903,1,3
12,3,64,0.289136308,0,2
12,3,65,0.263991148,1,2
12,3,66,0.337673695,1,3
12,3,67,0.316952218,0,1
12,3,68,0.341221472,0,2
12,3,69,0.182842074,1,1
12,3,70,0.16583822,1,2
12,3,71,0.226396209,1,4
12,3,72,0.324786412,0,1
12,4,73,0.138291103,1,1
12,4,74,0.219847484,1,3
12,4,75,0.196586608,1,1
12,4,76,0.215309543,1,2
12,4,77,0.288284615,0,2
12,4,78,0.2414137,0,2
12,4,79,0.112298452,1,2
12,4,80,0.235864636,1,3
12,4,81,0.334634656,1,1
12,4,82,0.30262752,1,3
12,4,83,0.234913992,0,2
12,4,84,0.267757376,1,1
12,4,85,0.124584072,1,2
12,4,86,0.319139397,1,1
12,4,87,0.254551313,1,1
12,4,88,0.331677299,0,2
12,4,89,0.119332893,1,4
12,4,90,0.281069693,1,1
12,4,91,0.182486845,0,4
12,4,92,0.293082353,0,2
12,4,93,0.22687605,1,3
12,4,94,0.165478551,1,3
12,4,95,0.321107497,0,1
12,4,96,0.163055792,1,2
12,5,97,0.285873349,1,4
12,5,98,0.301851976,1,3
12,5,99,0.318154219,1,4
12,5,100,0.232365362,0,3
12,5,101,0.187881102,1,4
12,5,102,0.252542059,1,2
12,5,103,0.240594661,1,1
12,5,104,0.152627789,0,3
12,5,105,0.234971431,1,1
12,5,106,0.209546911,1,3
12,5,107,0.239391882,1,3
12,5,108,0.108358258,0,3
12,5,109,0.342878955,0,1
12,5,110,0.120784801,1,4
12,5,111,0.318970415,1,4
12,5,112,0.15603337,1,3
12,5,113,0.348610112,1,1
12,5,114,0.111116734,1,2
12,5,115,0.292172961,1,2
12,5,116,0.293030914,1,3
12,5,117,0.196451304,1,2
12,5,118,0.268658432,0,3
12,5,119,0.20248346,1,1
12,5,120,0.137023203,0,3
12,6,121,0.12796056,1,1
12,6,122,0.308551312,1,3
12,6,123,0.103721829,1,4
12,6,124,0.134294696,1,1
12,6,125,0.238575677,1,3
12,6,126,0.211373334,1,1
12,6,127,0.183500162,1,1
12,6,128,0.31762062,0,4
12,6,129,0.167731987,0,2
12,6,130,0.204453611,1,3
12,6,131,0.306529931,1,1
12,6,132,0.105688229,1,3
12,6,133,0.332526493,0,3
12,6,134,0.292746055,1,3
12,6,135,0.341377629,1,1
12,6,136,0.232639547,0,3
12,6,137,0.191190524,1,2
12,6,138,0.225827133,1,4
12,6,139,0.275189276,1,2
12,6,140,0.322025832,0,2
12,6,141,0.262211496,0,4
12,6,142,0.169272322,1,1
12,6,143,0.25100649,1,4
12,6,144,0.231270789,0,4
13,1,1,0.121731945,1,2
13,1,2,0.223684829,1,4
13,1,3,0.266426955,1,2
13,1,4,0.155732081,1,1
13,1,5,0.315885616,1,1
13,1,6,0.233936395,1,3
13,1,7,0.210925542,1,4
13,1,8,0.168211991,1,1
13,1,9,0.109575647,0,2
13,1,10,0.296469404,1,3
13,1,11,0.279580421,1,4
13,1,12,0.242494865,1,2
13,1,13,0.311121894,0,1
13,1,14,0.250291993,0,1
13,1,15,0.119758799,1,2
13,1,16,0.282604349,1,4
13,1,17,0.3335585,1,4
13,1,18,0.198875533,1,4
13,1,19,0.195837686,1,2
13,1,20,0.3493151,1,4
13,1,21,0.125813946,1,4
13,1,22,0.299568711,1,1
13,1,23,0.233988125,1,3
13,1,24,0.204988114,0,2
13,2,25,0.206811846,1,4
13,2,26,0.25866691,1,4
13,2,27,0.268653656,0,1
13,2,28,0.346928166,0,4
13,2,29,0.226138982,1,2
13,2,30,0.248601403,1,2
13,2,31,0.108949565,1,4
13,2,32,0.293846883,1,3
13,2,33,0.342555986,1,1
13,2,34,0.225257494,0,2
13,2,35,0.210809722,1,3
13,2,36,0.133444391,1,4
13,2,37,0.134631182,1,2
13,2,38,0.160883518,1,3
13,2,39,0.326609983,1,2
13,2,40,0.185027955,1,2
13,2,41,0.307160253,1,1
13,2,42,0.280692762,1,4
13,2,43,0.316455522,0,4
13,2,44,0.191590429,1,2
13,2,45,0.281522271,0,1
13,2,46,0.100143887,0,1
13,2,47,0.245115752,1,2
13,2,48,0.151625774,1,1
13,3,49,0.323861535,1,4
13,3,50,0.293082427,1,3
13,3,51,0.279726181,1,2
13,3,52,0.260518582,1,4
13,3,53,0.195834492,0,1
13,3,54,0.299012118,1,3
13,3,55,0.244789029,1,4
13,3,56,0.159403879,1,1
13,3,57,0.122814656,1,4
13,3,58,0.104355322,1,4
13,3,59,0.123312235,1,2
13,3,60,0.18089682,1,4
13,3,61,0.112670063,1,1
13,3,62,0.230285647,1,1
13,3,63,0.325556076,1,3
13,3,64,0.169880466,1,2
13,3,65,0.213152462,1,2
13,3,66,0.342831135,1,4
13,3,67,0.256165382,0,1
13,3,68,0.234899815,1,4
13,3,69,0.211211939,0,1
13,3,70,0.308012752,1,4
13,3,71,0.33904707,1,4
13,3,72,0.233215821,0,2
13,4,73,0.225726116,1,3
13,4,74,0.297139242,1,3
13,4,75,0.103321663,0,3
13,4,76,0.209510707,1,1
13,4,77,0.182111958,1,1
13,4,78,0.309962984,0,2
13,4,79,0.294012375,0,4
13,4,80,0.245992606,1,3
13,4,81,0.236868043,1,4
13,4,82,0.32931077,1,4
13,4,83,0.202737914,0,2
13,4,84,0.100042237,0,4
13,4,85,0.257577255,1,2
13,4,86,0.264236275,1,4
13,4,87,0.155133,0,3
13,4,88,0.282861591,1,2
13,4,89,0.344831933,1,3
13,4,90,0.319643051,1,3
13,4,91,0.160880252,1,2
13,4,92,0.197310694,1,4
13,4,93,0.137617321,0,4
13,4,94,0.126529799,1,4
13,4,95,0.34029129,1,3
13,4,96,0.233834191,0,2
13,5,97,0.291470044,1,1
13,5,98,0.127339885,1,3
13,5,99,0.193324245,1,4
13,5,100,0.301041894,1,3
13,5,101,0.335804648,1,3
13,5,102,0.243229694,1,1
13,5,103,0.181976948,1,4
13,5,104,0.116292268,0,2
13,5,105,0.132449535,1,3
13,5,106,0.29886186,1,4
13,5,107,0.207113326,1,4
13,5,108,0.256513788,0,1
13,5,109,0.237223452,0,1
13,5,110,0.158412161,1,2
13,5,111,0.313931886,1,1
13,5,112,0.112831641,1,4
13,5,113,0.320059163,1,2
13,5,114,0.219875216,1,1
13,5,115,0.335579703,0,3
13,5,116,0.155249355,1,4
13,5,117,0.232994609,1,1
13,5,118,0.269449404,1,2
13,5,119,0.230409044,1,2
13,5,120,0.27874792,0,4
13,6,121,0.212471644,1,4
13,6,122,0.184506953,1,1
13,6,123,0.338246693,1,4
13,6,124,0.291478783,1,2
13,6,125,0.253667597,1,4
13,6,126,0.293575927,1,3
13,6,127,0.106865174,1,1
13,6,128,0.303700312,1,1
13,6,129,0.244054337,1,4
13,6,130,0.296326219,1,1
13,6,131,0.194659898,1,2
13,6,132,0.216062529,1,3
13,6,133,0.119196715,1,3
13,6,134,0.150564126,1,3
13,6,135,0.136487387,1,2
13,6,136,0.138753783,1,2
13,6,137,0.159197673,1,4
13,6,138,0.324893385,1,3
13,6,139,0.26661546,1,4
13,6,140,0.233452744,1,4
13,6,141,0.337270602,0,4
13,6,142,0.321435428,1,4
13,6,143,0.22016924,1,3
13,6,144,0.24429949,0,4
14,1,1,0.211782639,1,3
14,1,2,0.334934536,1,2
14,1,3,0.303278152,0,3
14,1,4,0.18179731,1,2
14,1,5,0.267488189,1,1
14,1,6,0.112059157,1,3
14,1,7,0.338161668,1,1
14,1,8,0.32289685,1,3
14,1,9,0.296963634,0,2
14,1,10,0.316035369,1,3
14,1,11,0.238458143,0,4
14,1,12,0.224351495,1,3
14,1,13,0.193943532,1,1
14,1,14,0.23313839,1,4
14,1,15,0.156493537,1,2
14,1,16,0.246714043,1,4
14,1,17,0.289352706,1,1
14,1,18,0.218385515,1,3
14,1,19,0.128075049,1,2
14,1,20,0.121106096,1,1
14,1,21,0.252433165,1,1
14,1,22,0.27561087,1,1
14,1,23,0.163189137,1,3
14,1,24,0.111452227,1,3
14,2,25,0.233240309,0,2
14,2,26,0.16028327,1,4
14,2,27,0.214361768,0,2
14,2,28,0.290514255,1,4
14,2,29,0.327872471,1,2
14,2,30,0.339321768,1,3
14,2,31,0.293219118,1,2
14,2,32,0.20239993,1,4
14,2,33,0.152516849,0,4
14,2,34,0.194636251,1,4
14,2,35,0.104854074,0,3
14,2,36,0.134874781,1,1
14,2,37,0.260507132,1,4
14,2,38,0.332419639,1,2
14,2,39,0.314213135,0,2
14,2,40,0.188074202,1,3
14,2,41,0.293922582,1,1
14,2,42,0.121970194,0,2
14,2,43,0.260790322,1,1
14,2,44,0.224680911,1,3
14,2,45,0.242266105,0,1
14,2,46,0.306989997,0,2
14,2,47,0.101528131,1,4
14,2,48,0.241063589,1,2
14,3,49,0.322247857,1,4
14,3,50,0.194599893,1,4
14,3,51,0.322812038,1,2
14,3,52,0.234366215,0,1
14,3,53,0.154162636,0,3
14,3,54,0.347927351,1,3
14,3,55,0.131180956,1,4
14,3,56,0.151643612,0,4
14,3,57,0.303313557,1,2
14,3,58,0.349613538,1,3
14,3,59,0.234006393,1,4
14,3,60,0.256739361,1,3
14,3,61,0.203768939,1,3
14,3,62,0.112888592,1,4
14,3,63,0.289062087,1,4
14,3,64,0.13028888,1,3
14,3,65,0.224083171,1,2
14,3,66,0.292351258,1,4
14,3,67,0.308625274,0,2
14,3,68,0.106090583,1,4
14,3,69,0.242838206,1,3
14,3,70,0.262670429,1,3
14,3,71,0.197993936,1,4
14,3,72,0.213204979,1,3
14,4,73,0.279626423,0,1
14,4,74,0.280333742,1,4
14,4,75,0.181000914,0,2
14,4,76,0.251452203,1,4
14,4,77,0.226808736,1,3
14,4,78,0.327994753,0,2
14,4,79,0.230489134,0,4
14,4,80,0.104738532,1,1
14,4,81,0.123221018,1,3
14,4,82,0.247789286,1,4
14,4,83,0.15476352,0,1
14,4,84,0.114374206,0,2
14,4,85,0.252917921,1,4
14,4,86,0.202464243,1,2
14,4,87,0.300051612,1,4
14,4,88,0.200549209,1,4
14,4,89,0.132696455,1,1
14,4,90,0.157720954,1,1
14,4,91,0.221974764,0,1
14,4,92,0.191965554,0,2
14,4,93,0.309501212,0,4
14,4,94,0.342458046,1,2
14,4,95,0.332377209,0,2
14,4,96,0.327239945,0,3
14,5,97,0.242549666,1,4
14,5,98,0.213253173,1,4
14,5,99,0.32739678,1,2
14,5,100,0.193656365,0,1
14,5,101,0.293251422,1,2
14,5,102,0.2986621,1,1
14,5,103,0.254320947,0,3
14,5,104,0.126179077,0,2
14,5,105,0.101321608,1,3
14,5,106,0.343645164,1,3
14,5,107,0.329733452,1,1
14,5,108,0.180335258,0,2
14,5,109,0.240958573,0,2
14,5,110,0.293834387,1,1
14,5,111,0.34959334,1,4
14,5,112,0.227790646,1,1
14,5,113,0.261215163,1,2
14,5,114,0.160056736,1,2
14,5,115,0.125726537,1,4
14,5,116,0.225556755,1,4
14,5,117,0.202668489,1,3
14,5,118,0.110125673,1,4
14,5,119,0.152466769,1,2
14,5,120,0.277792618,0,4
14,6,121,0.335313156,1,1
14,6,122,0.161244268,1,2
14,6,123,0.10443959,0,4
14,6,124,0.316823091,1,1
14,6,125,0.199871142,1,4
14,6,126,0.205167122,1,2
14,6,127,0.113049467,0,1
14,6,128,0.120011343,1,1
14,6,129,0.301280439,0,3
14,6,130,0.209681558,0,1
14,6,131,0.32137284,1,1
14,6,132,0.129340938,1,1
14,6,133,0.300882678,1,4
14,6,134,0.330911172,1,3
14,6,135,0.222306502,1,2
14,6,136,0.233571928,1,4
14,6,137,0.238423107,1,2
14,6,138,0.15209694,1,3
14,6,139,0.264401402,1,2
14,6,140,0.238128021,1,4
14,6,141,0.259385445,0,4
14,6,142,0.191693853,1,2
14,6,143,0.279433048,1,4
14,6,144,0.277014906,1,4
15,1,1,0.223973654,1,4
15,1,2,0.26484229,1,4
15,1,3,0.119463915,1,3
15,1,4,0.161991632,0,3
15,1,5,0.123272992,1,1
15,1,6,0.183195852,1,2
15,1,7,0.212154132,1,2
15,1,8,0.289676355,1,3
15,1,9,0.346581421,1,4
15,1,10,0.308719181,0,3
15,1,11,0.135342405,0,1
15,1,12,0.252489192,1,1
15,1,13,0.238806019,1,4
15,1,14,0.232721029,1,3
15,1,15,0.293728232,1,2
15,1,16,0.107898652,1,2
15,1,17,0.208699142,0,4
15,1,18,0.249844546,1,2
15,1,19,0.296886525,1,1
15,1,20,0.348855008,1,3
15,1,21,0.162461664,0,4
15,1,22,0.311895077,1,2
15,1,23,0.320472453,1,2
15,1,24,0.183032131,1,3
15,2,25,0.11513559,1,2
15,2,26,0.230067464,1,3
15,2,27,0.275820973,1,1
15,2,28,0.138994891,1,3
15,2,29,0.276687031,1,3
15,2,30,0.260166248,1,1
15,2,31,0.150179378,0,4
15,2,32,0.232510596,1,4
15,2,33,0.130119696,0,1
15,2,34,0.103347938,0,2
15,2,35,0.192844824,1,2
15,2,36,0.316627286,1,3
15,2,37,0.208001346,1,3
15,2,38,0.249175143,1,3
15,2,39,0.291529994,0,2
15,2,40,0.208691443,1,1
15,2,41,0.293647712,1,1
15,2,42,0.330735893,0,2
15,2,43,0.160857271,0,1
15,2,44,0.344037812,1,4
15,2,45,0.231359117,1,3
15,2,46,0.320708006,0,2
15,2,47,0.25917309,1,2
15,2,48,0.181336116,1,2
15,3,49,0.294626719,1,1
15,3,50,0.201154815,1,1
15,3,51,0.237067966,0,4
15,3,52,0.238513966,1,1
15,3,53,0.294074888,1,2
15,3,54,0.345143449,1,2
15,3,55,0.292262042,1,3
15,3,56,0.181300481,1,1
15,3,57,0.325226994,1,4
15,3,58,0.124099795,1,3
15,3,59,0.218942488,1,1
15,3,60,0.236598862,1,1
15,3,61,0.23066498,1,1
15,3,62,0.10965563,1,1
15,3,63,0.109818751,1,3
15,3,64,0.256630714,1,4
15,3,65,0.347283221,1,1
15,3,66,0.162956069,1,3
15,3,67,0.190108219,0,1
15,3,68,0.265568222,0,2
15,3,69,0.154156144,1,3
15,3,70,0.324097556,1,2
15,3,71,0.277893273,1,3
15,3,72,0.137542817,0,2
15,4,73,0.326654311,1,1
15,4,74,0.13612246,1,1
15,4,75,0.233349537,0,1
15,4,76,0.134513612,1,3
15,4,77,0.267080282,0,3
15,4,78,0.339076974,0,2
15,4,79,0.153420215,0,3
15,4,80,0.238616649,1,2
15,4,81,0.315377776,1,3
15,4,82,0.2434706,1,2
15,4,83,0.23226341,0,2
15,4,84,0.19375731,1,1
15,4,85,0.27788896,1,3
15,4,86,0.158455027,1,1
15,4,87,0.290620162,1,2
15,4,88,0.20328566,1,4
15,4,89,0.294725821,1,4
15,4,90,0.115244719,1,3
15,4,91,0.256722613,1,1
15,4,92,0.206970931,0,2
15,4,93,0.306195222,0,4
15,4,94,0.349411665,1,1
15,4,95,0.114226276,1,3
15,4,96,0.181416273,1,4
15,5,97,0.252910983,1,1
15,5,98,0.233568396,1,3
15,5,99,0.331808805,1,4
15,5,100,0.279539088,1,4
15,5,101,0.338338605,1,3
15,5,102,0.19405503,1,1
15,5,103,0.302811051,1,2
15,5,104,0.315086595,0,2
15,5,105,0.109787538,0,3
15,5,106,0.188554625,1,1
15,5,107,0.298461685,1,4
15,5,108,0.325027194,0,3
15,5,109,0.225646493,0,1
15,5,110,0.158700814,1,1
15,5,111,0.128954485,1,1
15,5,112,0.246455481,1,3
15,5,113,0.1037009,1,2
15,5,114,0.210820653,1,1
15,5,115,0.291871398,1,2
15,5,116,0.251209343,1,2
15,5,117,0.152128572,1,2
15,5,118,0.213967387,1,2
15,5,119,0.229408415,1,2
15,5,120,0.122442394,0,3
15,6,121,0.22797929,1,3
15,6,122,0.133165062,0,3
15,6,123,0.342846635,1,3
15,6,124,0.183620935,1,4
15,6,125,0.324594473,0,4
15,6,126,0.164755691,1,3
15,6,127,0.24964905,1,1
15,6,128,0.232979473,1,4
15,6,129,0.310133846,1,3
15,6,130,0.289580099,1,1
15,6,131,0.284432656,1,2
15,6,132,0.262397045,1,1
15,6,133,0.216055658,0,3
15,6,134,0.298758339,1,3
15,6,135,0.258476356,1,1
15,6,136,0.138925,0,1
15,6,137,0.208916326,1,1
15,6,138,0.188054299,1,2
15,6,139,0.117954815,1,4
15,6,140,0.235349015,0,3
15,6,141,0.33143426,1,3
15,6,142,0.152862537,1,4
15,6,143,0.101269296,1,3
15,6,144,0.3010083,0,3
16,1,1,0.205339194,0,4
16,1,2,0.319126928,1,1
16,1,3,0.320370803,0,2
16,1,4,0.306454991,0,4
16,1,5,0.261009199,1,1
16,1,6,0.114661836,1,2
16,1,7,0.248512976,0,3
16,1,8,0.159486268,0,3
16,1,9,0.165434623,1,3
16,1,10,0.268593007,1,1
16,1,11,0.226466454,1,4
16,1,12,0.135019671,0,1
16,1,13,0.110151778,1,4
16,1,14,0.285355981,1,1
16,1,15,0.138821274,1,3
16,1,16,0.246668058,1,2
16,1,17,0.340394361,1,3
16,1,18,0.277797863,1,3
16,1,19,0.207475959,1,1
16,1,20,0.195465396,0,3
16,1,21,0.188696929,0,2
16,1,22,0.226476883,1,4
16,1,23,0.348495972,1,1
16,1,24,0.306527167,0,2
16,2,25,0.286725331,1,1
16,2,26,0.242804308,1,3
16,2,27,0.227407031,0,2
16,2,28,0.207068299,1,4
16,2,29,0.138748259,1,3
16,2,30,0.100295852,1,4
16,2,31,0.316671727,1,3
16,2,32,0.100530584,0,4
16,2,33,0.307447592,1,1
16,2,34,0.268096564,0,2
16,2,35,0.321153842,1,3
16,2,36,0.123804027,1,2
16,2,37,0.342485087,1,3
16,2,38,0.263027726,1,2
16,2,39,0.194341909,1,2
16,2,40,0.338063088,1,2
16,2,41,0.154631894,1,1
16,2,42,0.244308987,0,2
16,2,43,0.210731603,0,4
16,2,44,0.288270069,1,4
16,2,45,0.167645935,0,4
16,2,46,0.198513383,0,1
16,2,47,0.228603418,1,3
16,2,48,0.300159249,1,2
16,3,49,0.117325585,1,4
16,3,50,0.253812872,1,4
16,3,51,0.213331548,1,3
16,3,52,0.268438285,1,1
16,3,53,0.318566706,0,3
16,3,54,0.296374347,1,1
16,3,55,0.239615366,1,4
16,3,56,0.294889678,1,1
16,3,57,0.152973959,1,4
16,3,58,0.111171578,1,4
16,3,59,0.348726885,1,3
16,3,60,0.156364416,1,1
16,3,61,0.131037715,1,3
16,3,62,0.239020736,1,1
16,3,63,0.343323562,1,3
16,3,64,0.230369803,0,3
16,3,65,0.139022738,1,2
16,3,66,0.296347775,1,3
16,3,67,0.20937706,0,3
16,3,68,0.313803964,0,3
16,3,69,0.233149458,1,3
16,3,70,0.183039,1,2
16,3,71,0.28126089,0,3
16,3,72,0.186100725,0,2
16,4,73,0.23511065,1,4
16,4,74,0.126630323,0,4
16,4,75,0.166707268,1,3
16,4,76,0.281821969,1,2
16,4,77,0.151323052,1,1
16,4,78,0.322602981,0,2
16,4,79,0.277854309,0,3
16,4,80,0.18249158,1,3
16,4,81,0.132734834,1,3
16,4,82,0.232855575,1,4
16,4,83,0.221884445,1,3
16,4,84,0.198046035,1,1
16,4,85,0.258072137,1,3
16,4,86,0.34696375,0,3
16,4,87,0.321340046,0,3
16,4,88,0.107654948,1,3
16,4,89,0.217331133,1,4
16,4,90,0.295660088,1,1
16,4,91,0.230628662,0,4
16,4,92,0.294574873,0,3
16,4,93,0.217850661,1,4
16,4,94,0.111801222,1,4
16,4,95,0.256864567,0,1
16,4,96,0.333802699,1,4
16,5,97,0.32069864,1,1
16,5,98,0.235748276,0,4
16,5,99,0.111618357,1,1
16,5,100,0.120440753,1,4
16,5,101,0.187734685,1,4
16,5,102,0.292810951,1,1
16,5,103,0.249955468,1,3
16,5,104,0.155961206,0,4
16,5,105,0.341626679,0,4
16,5,106,0.219025974,1,2
16,5,107,0.248310569,1,2
16,5,108,0.193978331,1,2
16,5,109,0.339752259,0,1
16,5,110,0.132415254,1,3
16,5,111,0.213765728,1,4
16,5,112,0.166032968,1,3
16,5,113,0.286848762,0,2
16,5,114,0.117703026,1,3
16,5,115,0.265216541,0,4
16,5,116,0.232432604,1,3
16,5,117,0.284320043,1,1
16,5,118,0.262439929,1,3
16,5,119,0.292907222,1,4
16,5,120,0.322001469,0,4
16,6,121,0.167708963,1,4
16,6,122,0.223639436,0,1
16,6,123,0.262243641,1,1
16,6,124,0.205550312,1,3
16,6,125,0.213696095,1,3
16,6,126,0.193280749,1,1
16,6,127,0.182467299,1,3
16,6,128,0.293650455,1,2
16,6,129,0.249437544,0,3
16,6,130,0.278334543,1,1
16,6,131,0.131381355,1,1
16,6,132,0.346952097,1,3
16,6,133,0.284855989,1,4
16,6,134,0.342602847,0,1
16,6,135,0.314996171,1,4
16,6,136,0.260308636,1,4
16,6,137,0.23930561,1,4
16,6,138,0.164173128,1,1
16,6,139,0.239333585,1,2
16,6,140,0.107452368,1,3
16,6,141,0.137000192,0,4
16,6,142,0.294738208,1,3
16,6,143,0.113134415,1,1
16,6,144,0.318997928,0,4
17,1,1,0.22296723,1,1
17,1,2,0.202226325,1,3
17,1,3,0.294641097,0,1
17,1,4,0.307712333,1,4
17,1,5,0.181434782,1,1
17,1,6,0.153585348,1,2
17,1,7,0.256984279,0,3
17,1,8,0.132226722,1,4
17,1,9,0.332811789,0,4
17,1,10,0.103888912,1,2
17,1,11,0.287896243,0,2
17,1,12,0.252905505,1,3
17,1,13,0.105543989,1,2
17,1,14,0.192485986,1,2
17,1,15,0.311903499,1,2
17,1,16,0.339161239,1,3
17,1,17,0.222675098,1,2
17,1,18,0.29563125,1,4
17,1,19,0.21517242,1,1
17,1,20,0.310043777,0,1
17,1,21,0.120739632,0,2
17,1,22,0.240583533,1,3
17,1,23,0.241818494,1,1
17,1,24,0.16689926,0,3
17,2,25,0.23296061,1,2
17,2,26,0.289527408,1,1
17,2,27,0.155284824,1,2
17,2,28,0.334699302,1,1
17,2,29,0.252736595,1,3
17,2,30,0.334387885,1,4
17,2,31,0.137570346,1,2
17,2,32,0.19358151,1,2
17,2,33,0.304045681,1,2
17,2,34,0.317710438,1,4
17,2,35,0.25376532,1,3
17,2,36,0.136247819,1,4
17,2,37,0.320596708,1,4
17,2,38,0.199007158,1,3
17,2,39,0.292199104,1,1
17,2,40,0.236091103,1,3
17,2,41,0.285267729,0,2
17,2,42,0.105952989,0,1
17,2,43,0.110875406,1,1
17,2,44,0.244526939,1,2
17,2,45,0.211434934,1,4
17,2,46,0.208326124,0,1
17,2,47,0.162388594,1,3
17,2,48,0.239355984,1,1
17,3,49,0.214527496,1,4
17,3,50,0.226081598,1,1
17,3,51,0.305624097,1,4
17,3,52,0.25044057,1,4
17,3,53,0.245461704,0,2
17,3,54,0.321725286,1,3
17,3,55,0.137805948,0,4
17,3,56,0.164649118,1,4
17,3,57,0.185563416,1,4
17,3,58,0.201427214,1,4
17,3,59,0.108350169,0,4
17,3,60,0.254445916,1,2
17,3,61,0.286897579,1,3
17,3,62,0.132121848,1,4
17,3,63,0.222701168,1,4
17,3,64,0.301439778,0,3
17,3,65,0.33884065,1,4
17,3,66,0.10285988,1,1
17,3,67,0.337326508,0,1
17,3,68,0.195056287,1,4
17,3,69,0.241180231,1,2
17,3,70,0.15109615,1,4
17,3,71,0.321134852,1,4
17,3,72,0.291479999,0,4
17,4,73,0.20288694,1,2
17,4,74,0.346618025,1,2
17,4,75,0.246415039,0,4
17,4,76,0.336366572,1,1
17,4,77,0.302678424,1,4
17,4,78,0.268812185,0,2
17,4,79,0.186266995,0,3
17,4,80,0.122666136,1,1
17,4,81,0.219272595,1,3
17,4,82,0.238243989,1,4
17,4,83,0.166140747,0,1
17,4,84,0.15022177,1,2
17,4,85,0.318059038,1,1
17,4,86,0.296002899,1,2
17,4,87,0.224704321,1,1
17,4,88,0.262678432,1,1
17,4,89,0.245587118,1,1
17,4,90,0.286245756,1,1
17,4,91,0.119819329,0,4
17,4,92,0.293034862,0,3
17,4,93,0.326663667,0,4
17,4,94,0.184876267,1,1
17,4,95,0.112189056,1,1
17,4,96,0.130623141,1,3
17,5,97,0.236949439,1,1
17,5,98,0.136658926,0,4
17,5,99,0.186205245,1,3
17,5,100,0.120985409,1,1
17,5,101,0.213037165,1,2
17,5,102,0.339108716,1,2
17,5,103,0.232924498,1,4
17,5,104,0.222738409,0,3
17,5,105,0.291962346,0,2
17,5,106,0.208189975,1,3
17,5,107,0.152755683,1,4
17,5,108,0.323370782,0,2
17,5,109,0.253018375,1,4
17,5,110,0.106099844,1,2
17,5,111,0.245939573,1,2
17,5,112,0.152109489,1,4
17,5,113,0.326458205,1,1
17,5,114,0.346191161,1,1
17,5,115,0.297053235,0,4
17,5,116,0.299030573,1,3
17,5,117,0.197125835,1,1
17,5,118,0.116751512,1,2
17,5,119,0.278100334,1,3
17,5,120,0.259355492,0,3
17,6,121,0.33650545,1,2
17,6,122,0.19225185,1,4
17,6,123,0.16485507,1,2
17,6,124,0.330692078,1,4
17,6,125,0.254735809,1,3
17,6,126,0.233552593,1,4
17,6,127,0.294255763,1,2
17,6,128,0.302324044,1,4
17,6,129,0.31811642,0,1
17,6,130,0.212548172,0,4
17,6,131,0.15929781,1,2
17,6,132,0.237959993,1,2
17,6,133,0.296477277,0,3
17,6,134,0.289612786,1,1
17,6,135,0.181856801,1,2
17,6,136,0.117833367,1,2
17,6,137,0.237245707,0,4
17,6,138,0.214146846,1,2
17,6,139,0.100930305,1,2
17,6,140,0.259451513,0,2
17,6,141,0.125006807,1,1
17,6,142,0.130615939,1,4
17,6,143,0.239615312,1,3
17,6,144,0.321155253,1,4
18,1,1,0.20115556,1,1
18,1,2,0.265872098,1,1
18,1,3,0.341363117,1,4
18,1,4,0.104940804,1,4
18,1,5,0.3113772,1,2
18,1,6,0.130554918,1,4
18,1,7,0.158896307,1,3
18,1,8,0.294573798,1,2
18,1,9,0.278130369,0,2
18,1,10,0.333634166,1,2
18,1,11,0.124395833,1,1
18,1,12,0.250728057,1,1
18,1,13,0.206695829,0,1
18,1,14,0.32235948,1,2
18,1,15,0.248729612,1,2
18,1,16,0.299700764,1,2
18,1,17,0.167423568,0,1
18,1,18,0.235827945,1,2
18,1,19,0.180851259,1,2
18,1,20,0.239662783,1,4
18,1,21,0.242382834,1,4
18,1,22,0.116465634,0,4
18,1,23,0.193537076,1,4
18,1,24,0.307471049,0,3
18,2,25,0.290531746,1,2
18,2,26,0.347642074,1,4
18,2,27,0.287837617,1,3
18,2,28,0.193394574,1,4
18,2,29,0.229595454,1,1
18,2,30,0.218435347,1,4
18,2,31,0.187682891,1,1
18,2,32,0.112866121,1,4
18,2,33,0.104082149,1,2
18,2,34,0.220631695,0,3
18,2,35,0.2503106,1,1
18,2,36,0.298166379,1,2
18,2,37,0.318376111,1,2
18,2,38,0.158469088,1,2
18,2,39,0.129259331,1,2
18,2,40,0.169722733,1,2
18,2,41,0.230600636,1,1
18,2,42,0.210829844,1,4
18,2,43,0.285059294,1,2
18,2,44,0.341930478,1,4
18,2,45,0.267669825,1,2
18,2,46,0.230340639,0,1
18,2,47,0.318994255,1,3
18,2,48,0.121958623,1,2
18,3,49,0.262589187,1,2
18,3,50,0.126898946,1,1
18,3,51,0.101080263,1,3
18,3,52,0.239871283,1,3
18,3,53,0.241165559,1,1
18,3,54,0.294482683,1,2
18,3,55,0.287581197,1,2
18,3,56,0.138569067,1,2
18,3,57,0.247101222,1,4
18,3,58,0.181055072,1,3
18,3,59,0.184996477,0,4
18,3,60,0.224433707,1,4
18,3,61,0.205622243,1,2
18,3,62,0.154177574,1,1
18,3,63,0.330171275,1,3
18,3,64,0.310848097,1,3
18,3,65,0.217294543,1,3
18,3,66,0.282507909,1,1
18,3,67,0.153926139,0,1
18,3,68,0.109053415,0,3
18,3,69,0.260121092,1,2
18,3,70,0.33397448,1,1
18,3,71,0.311567846,1,3
18,3,72,0.290654954,1,3
18,4,73,0.247494362,1,1
18,4,74,0.340231888,1,2
18,4,75,0.182868492,0,3
18,4,76,0.323766165,1,2
18,4,77,0.292846129,0,3
18,4,78,0.263926292,1,3
18,4,79,0.241772461,1,1
18,4,80,0.289696478,1,3
18,4,81,0.227627168,1,3
18,4,82,0.260220197,1,2
18,4,83,0.111343669,0,4
18,4,84,0.337260907,1,1
18,4,85,0.138654764,1,1
18,4,86,0.123648269,1,2
18,4,87,0.165963713,1,2
18,4,88,0.102403733,1,4
18,4,89,0.162948023,1,1
18,4,90,0.225622899,1,2
18,4,91,0.201069968,1,4
18,4,92,0.296729017,0,2
18,4,93,0.205554744,1,3
18,4,94,0.321871655,1,3
18,4,95,0.293041712,1,3
18,4,96,0.183160811,1,3
18,5,97,0.232408848,1,3
18,5,98,0.304241767,1,4
18,5,99,0.151277764,1,4
18,5,100,0.341089232,1,2
18,5,101,0.250139135,1,3
18,5,102,0.294189369,1,2
18,5,103,0.226174014,0,3
18,5,104,0.316032998,0,3
18,5,105,0.255121166,1,2
18,5,106,0.216250022,1,3
18,5,107,0.212239314,1,3
18,5,108,0.124798707,1,1
18,5,109,0.287939851,1,3
18,5,110,0.310465267,1,4
18,5,111,0.19457095,1,4
18,5,112,0.30231812,1,2
18,5,113,0.100277744,1,4
18,5,114,0.241845964,1,4
18,5,115,0.194398329,1,2
18,5,116,0.116771186,1,2
18,5,117,0.225570852,1,4
18,5,118,0.139803451,0,3
18,5,119,0.348261733,1,3
18,5,120,0.165449171,0,4
18,6,121,0.334333957,1,1
18,6,122,0.316787028,0,1
18,6,123,0.298914676,1,4
18,6,124,0.295297058,1,1
18,6,125,0.238886802,1,2
18,6,126,0.184235866,0,1
18,6,127,0.320878076,1,4
18,6,128,0.193299175,1,3
18,6,129,0.254041163,1,4
18,6,130,0.201564486,1,3
18,6,131,0.234444955,1,3
18,6,132,0.157715421,1,2
18,6,133,0.1519016,1,4
18,6,134,0.102986817,1,4
18,6,135,0.247267662,1,2
18,6,136,0.338408688,1,1
18,6,137,0.125952915,1,3
18,6,138,0.129707888,1,1
18,6,139,0.294295555,1,3
18,6,140,0.211045241,0,3
18,6,141,0.2843715,0,4
18,6,142,0.223918994,1,4
18,6,143,0.26050352,1,2
18,6,144,0.113047274,1,4
19,1,1,0.237683741,1,3
19,1,2,0.128507025,1,3
19,1,3,0.134158899,1,1
19,1,4,0.167601433,1,2
19,1,5,0.105607373,1,1
19,1,6,0.23100154,1,4
19,1,7,0.160570276,1,3
19,1,8,0.254341257,0,2
19,1,9,0.208518734,0,3
19,1,10,0.238721219,1,2
19,1,11,0.230991783,1,1
19,1,12,0.251422762,1,2
19,1,13,0.324353036,1,3
19,1,14,0.100631478,1,3
19,1,15,0.204159245,0,4
19,1,16,0.277630629,0,2
19,1,17,0.180096527,1,3
19,1,18,0.333777425,1,1
19,1,19,0.339234253,1,2
19,1,20,0.317172083,1,2
19,1,21,0.302937184,0,3
19,1,22,0.187641929,1,4
19,1,23,0.302146275,1,2
19,1,24,0.28887896,0,3
19,2,25,0.245908453,0,3
19,2,26,0.208057014,1,4
19,2,27,0.193621298,1,4
19,2,28,0.256156403,1,1
19,2,29,0.163540152,1,2
19,2,30,0.114472027,1,3
19,2,31,0.228118228,1,1
19,2,32,0.275107282,1,2
19,2,33,0.320695062,0,1
19,2,34,0.135443689,1,1
19,2,35,0.261225599,1,1
19,2,36,0.341834575,1,1
19,2,37,0.234026496,1,4
19,2,38,0.276884458,1,2
19,2,39,0.329594881,0,2
19,2,40,0.132713987,1,4
19,2,41,0.190377276,1,4
19,2,42,0.167874003,1,3
19,2,43,0.115247925,1,4
19,2,44,0.221562496,1,3
19,2,45,0.213347433,1,4
19,2,46,0.300968049,0,2
19,2,47,0.340835041,1,1
19,2,48,0.292475791,1,1
19,3,49,0.256365835,1,3
19,3,50,0.181472495,1,3
19,3,51,0.324904722,1,3
19,3,52,0.110712758,0,1
19,3,53,0.126857677,1,4
19,3,54,0.291833492,1,3
19,3,55,0.209477495,1,2
19,3,56,0.206274393,0,4
19,3,57,0.340360067,1,1
19,3,58,0.291491217,1,4
19,3,59,0.263520672,1,4
19,3,60,0.248225396,1,1
19,3,61,0.320684308,1,3
19,3,62,0.189850894,1,3
19,3,63,0.333777246,1,1
19,3,64,0.247608451,0,3
19,3,65,0.1260043,1,2
19,3,66,0.102571052,1,3
19,3,67,0.230380527,1,1
19,3,68,0.297997633,0,3
19,3,69,0.23751981,1,4
19,3,70,0.15725182,1,3
19,3,71,0.307005694,1,2
19,3,72,0.153981895,1,1
19,4,73,0.122476658,1,4
19,4,74,0.102264072,0,4
19,4,75,0.257443325,0,4
19,4,76,0.151186977,1,3
19,4,77,0.137779701,1,4
19,4,78,0.320223079,1,2
19,4,79,0.287902003,0,4
19,4,80,0.108471967,1,3
19,4,81,0.299542097,1,3
19,4,82,0.248533955,1,4
19,4,83,0.163954499,0,3
19,4,84,0.211578415,0,2
19,4,85,0.255411086,1,4
19,4,86,0.192251542,0,4
19,4,87,0.313147177,0,4
19,4,88,0.336265236,1,4
19,4,89,0.224255354,1,4
19,4,90,0.336669873,1,4
19,4,91,0.290479494,1,3
19,4,92,0.243544999,0,3
19,4,93,0.194775267,1,3
19,4,94,0.29103002,1,2
19,4,95,0.237173353,0,1
19,4,96,0.206198758,1,2
19,5,97,0.337553141,1,1
19,5,98,0.322285187,1,3
19,5,99,0.294377646,1,1
19,5,100,0.255645845,1,4
19,5,101,0.245972642,0,4
19,5,102,0.211891192,1,2
19,5,103,0.234381276,0,4
19,5,104,0.303208757,0,2
19,5,105,0.104422518,1,2
19,5,106,0.109350609,1,3
19,5,107,0.215434728,1,1
19,5,108,0.193015876,1,1
19,5,109,0.28279106,0,1
19,5,110,0.156019727,1,3
19,5,111,0.225332056,1,3
19,5,112,0.223154198,1,2
19,5,113,0.130961563,1,4
19,5,114,0.331913597,1,4
19,5,115,0.197023974,0,3
19,5,116,0.158463747,0,4
19,5,117,0.278289094,1,4
19,5,118,0.315210181,1,4
19,5,119,0.258084146,1,2
19,5,120,0.138381355,0,2
19,6,121,0.339538267,1,4
19,6,122,0.239520379,1,2
19,6,123,0.26387798,0,2
19,6,124,0.2140843,1,1
19,6,125,0.199642601,1,4
19,6,126,0.127230992,0,3
19,6,127,0.254480133,1,4
19,6,128,0.287528966,0,2
19,6,129,0.106903166,1,4
19,6,130,0.235972474,1,2
19,6,131,0.119526736,1,4
19,6,132,0.320896791,1,2
19,6,133,0.123665908,1,4
19,6,134,0.215630575,1,4
19,6,135,0.331826098,0,4
19,6,136,0.184784444,1,3
19,6,137,0.15595149,1,4
19,6,138,0.329255847,1,2
19,6,139,0.234264304,1,1
19,6,140,0.225273792,0,2
19,6,141,0.303789489,0,2
19,6,142,0.303789453,1,1
19,6,143,0.159457619,1,1
19,6,144,0.287609047,0,4
20,1,1,0.261377388,1,3
20,1,2,0.324948554,1,2
20,1,3,0.29247413,0,1
20,1,4,0.119376732,0,1
20,1,5,0.323300619,1,2
20,1,6,0.122372401,1,1
20,1,7,0.113699091,1,2
20,1,8,0.245563192,0,1
20,1,9,0.215091796,1,1
20,1,10,0.180963884,1,3
20,1,11,0.161037835,1,2
20,1,12,0.164209704,1,4
20,1,13,0.21247352,1,3
20,1,14,0.305679159,1,1
20,1,15,0.138983825,0,1
20,1,16,0.236909719,1,3
20,1,17,0.341032549,0,1
20,1,18,0.261427173,1,1
20,1,19,0.233942399,1,2
20,1,20,0.187380615,0,1
20,1,21,0.335451852,1,4
20,1,22,0.244765285,1,1
20,1,23,0.290408141,1,1
20,1,24,0.282541553,0,2
20,2,25,0.333039671,1,1
20,2,26,0.233154106,1,2
20,2,27,0.106242483,1,4
20,2,28,0.310796202,1,4
20,2,29,0.331618732,1,1
20,2,30,0.26837963,1,3
20,2,31,0.111085107,1,3
20,2,32,0.268246819,1,4
20,2,33,0.219063605,0,1
20,2,34,0.224795198,1,1
20,2,35,0.204457622,1,3
20,2,36,0.233544137,0,4
20,2,37,0.188714293,1,4
20,2,38,0.131964946,1,3
20,2,39,0.237163167,0,2
20,2,40,0.325707545,1,4
20,2,41,0.186265919,1,2
20,2,42,0.290092308,1,2
20,2,43,0.169751276,0,4
20,2,44,0.13610093,1,4
20,2,45,0.168337318,0,1
20,2,46,0.296985806,0,2
20,2,47,0.280244232,1,1
20,2,48,0.30521488,1,1
20,3,49,0.154170112,1,1
20,3,50,0.218563572,1,2
20,3,51,0.159838952,1,4
20,3,52,0.10838975,1,1
20,3,53,0.233935759,0,1
20,3,54,0.30943777,1,2
20,3,55,0.229606342,1,2
20,3,56,0.335453767,1,1
20,3,57,0.231321526,1,4
20,3,58,0.184427689,1,1
20,3,59,0.130706431,1,4
20,3,60,0.203832627,1,1
20,3,61,0.322871089,1,1
20,3,62,0.255319536,1,4
20,3,63,0.138801262,1,4
20,3,64,0.278594531,0,1
20,3,65,0.268250287,1,1
20,3,66,0.300965717,1,2
20,3,67,0.18214748,0,1
20,3,68,0.327314058,0,4
20,3,69,0.101856241,1,4
20,3,70,0.23719762,1,3
20,3,71,0.339610807,1,2
20,3,72,0.279464303,1,4
20,4,73,0.29495765,1,3
20,4,74,0.233978442,1,3
20,4,75,0.345782088,0,3
20,4,76,0.159036934,1,1
20,4,77,0.289353096,0,1
20,4,78,0.131259075,1,2
20,4,79,0.216130165,0,3
20,4,80,0.290711064,1,3
20,4,81,0.239754295,1,3
20,4,82,0.168031133,1,2
20,4,83,0.275401953,0,2
20,4,84,0.106274684,1,4
20,4,85,0.322707289,1,2
20,4,86,0.104589143,1,2
20,4,87,0.263437261,1,4
20,4,88,0.230351014,1,3
20,4,89,0.184057319,1,1
20,4,90,0.131781085,1,4
20,4,91,0.25132986,1,3
20,4,92,0.347059717,0,2
20,4,93,0.311266125,1,1
20,4,94,0.217291112,1,1
20,4,95,0.233307744,1,2
20,4,96,0.187343958,1,4
20,5,97,0.19499574,1,1
20,5,98,0.248114447,1,3
20,5,99,0.231114564,1,3
20,5,100,0.223038807,1,2
20,5,101,0.238942904,1,4
20,5,102,0.286648571,1,1
20,5,103,0.331834144,0,4
20,5,104,0.26384883,0,4
20,5,105,0.156352992,1,4
20,5,106,0.198096485,1,2
20,5,107,0.327757524,1,1
20,5,108,0.263736202,1,4
20,5,109,0.162122554,1,2
20,5,110,0.136637351,1,2
20,5,111,0.290984346,0,1
20,5,112,0.103595891,1,2
20,5,113,0.211596148,1,3
20,5,114,0.294434569,1,1
20,5,115,0.216351121,0,2
20,5,116,0.348610906,1,4
20,5,117,0.324166544,1,1
20,5,118,0.285204579,1,4
20,5,119,0.122249497,1,2
20,5,120,0.116945056,0,4
20,6,121,0.281898811,1,1
20,6,122,0.112239901,0,1
20,6,123,0.167429016,1,2
20,6,124,0.231087842,1,1
20,6,125,0.322327187,1,3
20,6,126,0.13137084,1,4
20,6,127,0.109653444,1,1
20,6,128,0.241803198,1,2
20,6,129,0.238103684,0,4
20,6,130,0.292432322,1,4
20,6,131,0.319178582,1,3
20,6,132,0.183523522,1,2
20,6,133,0.19338845,1,1
20,6,134,0.288641561,1,4
20,6,135,0.330016027,1,1
20,6,136,0.255798448,0,2
20,6,137,0.227866893,1,4
20,6,138,0.292133019,1,3
20,6,139,0.164115084,0,2
20,6,140,0.254832701,1,4
20,6,141,0.202513442,0,4
20,6,142,0.202940742,1,2
20,6,143,0.343873581,1,3
20,6,144,0.120830453,1,2
